201,2025-03-12,"Caterpillar: Diversification Without Diworsification; Home Depot Looks Healthy, So Do Others Diversify Caterpillar holdings with tax-efficient strategies. Explore HD, LOW, and SNA for income replacement potential and strong dividend growth."
202,2025-03-12,"Heres Why We Think Abbott Laboratories (NYSE:ABT) Might Deserve Your Attention Today Its common for many investors, especially those who are inexperienced, to buy shares in companies with a good story..."
203,2025-03-12,"Fidelity Select Health Care Portfolio Q4 2024 Review Health care stocks returned -9.75% in the final quarter of 2024, according to the MSCI U.S. IMI Health Care 25/50 Index, widely lagging the 2.41% gain of the broad-based S&P 500Â® index."
204,2025-03-13,Merck and 8 More Healthcare Stocks for Nervous Dividend Investors Merck and 8 More Healthcare Stocks for Nervous Dividend Investors
205,2025-03-14,"Abbott (ABT) Stock Moves -0.3%: What You Should Know Abbott (ABT) reachead $129.89 at the closing of the latest trading day, reflecting a -0.3% change compared to its last close."
206,2025-03-14,"Is Abbott Laboratories (ABT) the Best Healthcare Stock For Long-Term Investment? We recently published a list of 10 Best Healthcare Stocks For Long-Term Investment. In this article, we are going to take a look at where Abbott Laboratories (NYSE:ABT) stands against other best healthcare stocks for long-term investment. Rising Healthcare Costs and the Impact of Tariffs on the US Industry In the US, healthcare expenditures and […]"
207,2025-03-15,"Why Abbott Laboratories (ABT) Went Down On Friday? We recently published a list of Friday’s 10 Worst Performing Stocks. In this article, we are going to take a look at where Abbott Laboratories (NYSE:ABT) stands against other Friday’s worst performing stocks. Wall Street’s main indices bounced back on Friday, erasing the entire week’s losses, as investor hopes were fueled by news that no […]"
208,2025-03-15,Baby Formula Makers Abbott and Reckitt See Stocks Slide as Judge Allows Retrial Infant formula makers Abbott and Reckitt saw their stocks decline Friday after a judge ruled plaintiffs could pursue a new trial against the companies.
209,2025-03-15,"S&P 500 Gains and Losses Today: Index Bounces Off Lows as Government Shutdown Concerns Ease The S&P 500 jumped 2.1% on Friday, March 14, wrapping up a volatile week as government shutdown concerns eased."
210,2025-03-15,"AstraZeneca Stock Scores RS Rating Upgrade AstraZeneca ADR shows improving price performance, earning an upgrade to its IBD Relative Strength Rating from 80 to 83."
211,2025-03-15,"Citi sees overturned verdict in state case as incrementally negative for Abbott Citi notes that Investing.com reported on Friday that the judge in the Whitfield infant formula case has overturned the October 31 verdict, which was in favor of Reckitt Benckiser’s (RBGLY) Mead Johnson unit. The jury had originally ruled that Mead Johnson was not liable for failing to warn of the risks of NEC related to its infant formulas. As a reminder, for Abbott (ABT), there is a Federal multidistrict litigation case scheduled for May 5, 2025, in Chicago. The firm anticipates that the case"
212,2025-03-15,"Abbott Labs, Reckitt Benckiser Shares Fall After New Ruling on Infant Formula Case Shares of Abbott Laboratories and Reckitt Benckiser fell Friday after a judge ruled a new trial could be heard involving a case on their infant formula products that had already seen a ruling in their favor.  Reckitt shares fell about 1.7% in London, while Abbott shares dropped 2.4% in U.S. trading.  Last October a jury had found the companies were not liable in a state lawsuit that alleged the companies’s infant formula products caused necrotizing enterocolitis, a debilitating intestinal disease that can cause bloating, vomiting and diarrhea in premature babies."
213,2025-03-15,"Abbott, Mead Johnson Face Retrial of Case Over Infant Formula Abbott Laboratories (ABT) is facing a retrial of a case, alleging its formula milk was harmful to in"
214,2025-03-15,US Equities Markets End Higher Friday Amid Expectations US Government Can Avoid Shutdown US benchmark equity indexes ended higher Friday amid expectations that a looming government shutdown
215,2025-03-15,Abbott Says CEO Robert B. Fords 2024 Compensation Was $22.6 Million Abbott Laboratories: * ABBOTT SAYS CEO ROBERT B. FORDS 2024 COMPENSATION WAS$22.6MILLION- SEC FILINGFurther company coverage: ...
216,2025-03-15,Top Midday Decliners Li Auto (LI) shares retreated 3% Friday after the Chinese electric vehicle manufacturer reported a 1
217,2025-03-16,"Abbott Laboratories Basking In A Sharp Turn In Sentiment Abbott Laboratories medical device business is executing well, with double-digit growth in structural heart and diabetes. Read why ABT stock is a Hold."
218,2025-03-17,"Abbott Laboratories Gains 12.7% in a Year: Whats Driving the Stock? ABTs shares rise on the back of its diversified business portfolio. However, the unfavorable macroeconomic scenario is concerning."
219,2025-03-17,Abbott Stock Could Be On The Verge Of A Breakout - Heres What Smart Money Sees Abbott Laboratories is undervalued with strong growth in diabetes care and weight-loss markets. Discover why ABT stock is a buy with a price target of $145-$160.
220,2025-03-18,"Reckitt’s Mead Johnson, Abbott to face new trial in US infant-formula case Reckitt described the re-opening of the trial as being “at complete odds with the law and the facts”."
221,2025-03-19,"RFK Jr.’s Next Targets Are Companies Making Baby Formula (Bloomberg) -- Health and Human Services Secretary Robert F. Kennedy Jr. is taking on baby formula products, the latest in his sweeping review of ingredients used in the US food supply.Most Read from BloombergThe Dark Prophet of Car-Clogged CitiesWashington, DC, Region Braces for ‘Devastating’ Cuts from CongressNYC Plans for Flood Protection Without Federal FundsA Malibu Model for Residents on the Fire FrontlinesDespite Cost-Cutting Moves, Trump Plans to Remake DC in His StyleUnder Kennedy, the"
222,2025-03-19,"Abbott Laboratories (ABT): Among the Best Diabetes Stocks to Buy According to Billionaires We recently published a list of 10 Best Diabetes Stocks To Buy According to Billionaires. In this article, we are going to take a look at where Abbott Laboratories (NYSE:ABT) stands against other best diabetes stocks to buy according to billionaires. The Growing Market and Innovation in Continuous Glucose Monitoring (CGM) Technology The WHO estimates […]"
223,2025-03-20,"Defensive Stocks For Unpredictable Trump Policy Navigate market volatility with defensive stocks, bonds, and gold."
224,2025-03-20,"Invesco Health Care Fund Q4 2024 Commentary Stock selection in life science tools & services, pharmaceuticals and distributors detracted from relative performance, as did an overweight in health care facilities."
225,2025-03-21,"2025 Dividend Kings: Strong Run Continues Discover the top-performing Dividend Kings of 2025, outperforming the S&P 500 by 4.57%. Click here to explore more promising picks."
226,2025-03-24,Abbott Initiates New Intravascular Lithotripsy Clinical Trial to Improve Outcomes in Patients with Coronary Artery Disease Abbott (NYSE: ABT) today announced that the U.S. Food and Drug Administration (FDA) has approved an investigational device exemption (IDE) for its Coronary Intravascular Lithotripsy (IVL) System to evaluate the treatment of severe calcification in coronary arteries prior to stenting. The TECTONIC Coronary Artery Disease (CAD) Intravascular Lithotripsy (IVL) clinical trial will enroll up to 335 people in 47 sites in the U.S.
227,2025-03-24,"Watch These 5 AI-Powered Healthcare Bigwigs for Portfolio Gains Five AI-powered stocks have strong revenues and earnings growth potentials for 2025. These are: MDT, LLY, BSX, NVS, ABT."
228,2025-03-24,"Jim Cramer On Abbott Laboratories (ABT): “Abbott Labs Stock Is Back on My Radar” We recently published a list of Jim Cramer Discusses These 10 Stocks & Says US Faces Unfairly High Tariffs Abroad. In this article, we are going to take a look at where Abbott Laboratories (NYSE:ABT) stands against other stocks that Jim Cramer discusses. In a recent appearance on CNBC’s Squawk on the Street, Jim Cramer […]"
229,2025-03-25,"Abbott Laboratories (NYSE:ABT) Receives FDA Approval For Coronary IVL System Trial In US Abbott Laboratories (NYSE:ABT) has caught investor attention with the FDA’s approval of an Investigational Device Exemption (IDE) for its Coronary Intravascular Lithotripsy (IVL) System, a significant development within the realm of coronary artery disease treatment. This announcement comes in conjunction with the companys recent robust Q4 2024 earnings results, reporting net income and diluted EPS growth. Additionally, Abbott declared its 405th consecutive quarterly dividend and outlined..."
230,2025-03-25,"Abbott (ABT) Increases Yet Falls Behind Market: What Investors Need to Know Abbott (ABT) reachead $127.21 at the closing of the latest trading day, reflecting a +0.69% change compared to its last close."
231,2025-03-25,"Abbott gets FDA nod to begin IVL trial after rivals buy up competition J&J acquired the IVL device maker Shockwave Medical last year for $13.1 billion, and Boston Scientific agreed to buy Bolt Medical in January for up to $664 million."
232,2025-03-25,"ABT Stock to Gain From FDA IDE Approval for Its Coronary IVL System Abbotts Coronary IVL System wins FDA IDE nod, offering a potential new treatment for arterial calcium blockages."
233,2025-03-26,"Diamond Hill Capital is Crazy About Abbott Laboratories (NYSE:ABT) We recently published a list of Diamond Hill Capital Stock Portfolio: Top 10 Stock Picks. In this article, we are going to take a look at where Abbott Laboratories (NYSE:ABT) stands against other top 10 stock picks of Diamond Hill Capital. Heather Brilliant, CFA, serves as CEO for Diamond Hill Capital and joined the firm in 2019, […]"
234,2025-03-26,"Abbott Hosts Conference Call for First-Quarter Earnings Abbott (NYSE: ABT) will announce its first-quarter 2025 financial results on Wednesday, April 16, before the market opens."
235,2025-03-26,"2 Dividend Stocks Defying the Market Dip to Buy for a Lifetime of Passive Income AbbVies shares  dropped off a cliff  in November after it announced a clinical setback for emraclidine, an investigational schizophrenia treatment it got in an $8.7 billion acquisition.  Investors were worried the company spent nearly $9 billion for nothing, which is understandable."
236,2025-03-27,Abbott Receives CE Mark For Its Volt(TM) Pulsed Field Ablation System To Treat Patients With Abnormal Heart Rhythms Abbott Laboratories: * ABBOTT RECEIVES CE MARK FOR ITS VOLT™ PULSED FIELDABLATIONSYSTEM TO TREAT PATIENTS WITH ABNORMAL HEART RHYTHMSSource text:Further company coverage: ...
237,2025-03-27,"Abbott Laboratories (ABT): Among Dividend Zombies to Invest in We recently published a list of 15 Dividend Zombies to Invest in. In this article, we are going to take a look at where Abbott Laboratories (NYSE:ABT) stands against other dividend zombies to invest in. The broader market has posted consecutive annual gains of 25%, largely fueled by growth stocks and companies capitalizing on the […]"
238,2025-03-28,"Equity Markets On Track to Close Lower Following Trumps Auto Tariffs US benchmark equity indexes are on track to close lower on Thursday, as markets weigh the impact of"
239,2025-03-28,"S&P 500 Gains and Losses Today: GM Stock Tumbles After Trump Declares Auto Tariffs The S&P 500 declined 0.3% on Thursday, March 27, after the White House announced a 25% tariff on auto imports will take effect next week."
240,2025-03-28,"Why Abbott Laboratories (ABT) Surged On Thursday? We recently published a list of 10 Stocks Jump, Defy Market Uncertainties on Thursday. In this article, we are going to take a look at where Abbott Laboratories (NYSE:ABT) stands against other stocks that jumped, defying market uncertainties on Thursday. The stock market extended losses on Thursday, with all the major indices ending in the […]"
241,2025-03-28,"Why Abbott Laboratories Stock Leaped by Almost 4% on Thursday Abbott Laboratories (NYSE: ABT) stock was in fine health on the second-to-last trading day of the week, thanks to news from Europe.  The CE mark is an affirmation by a products manufacturer that it conforms with a range of standards covering aspects such as health and safety.  In its press release touting the development, Abbott wrote that roughly 8 million people in Europe over the age of 65 are coping with atrial fibrillation, and that figure is anticipated to double within three decades."
242,2025-03-28,"Abbott Laboratories (NYSE:ABT) five-year earnings growth trails the 13% YoY shareholder returns If you buy and hold a stock for many years, youd hope to be making a profit. Better yet, youd like to see the share..."
243,2025-03-28,"Is Abbott Laboratories (ABT) the Best S&P 500 Stock to Buy for Dividend Growth? We recently published a list of the 10 Best S&P 500 Stocks to Buy for Dividend Growth. In this article, we are going to take a look at where Abbott Laboratories (NYSE:ABT) stands against other best S&P 500 stocks for dividend growth. Dividend stocks have been attracting increasing interest lately, particularly following the tech sector’s […]"
244,2025-03-28,"Abbott snags early CE mark for Volt PFA device With PFA becoming physicians’ preferred ablation method for treating AFib, Abbott is pushing to catch up with rival systems already on the market."
245,2025-03-29,"3 Relatively Safe Stocks to Buy Right Now Investing in stocks comes with risks.  David Jagielski (Abbott Laboratories): If youre looking for safety within the healthcare sector, a top name to consider right now is Abbott Laboratories.  For starters, it offers an above-average dividend yield of 1.9% (the S&P 500 average is 1.4%)."
246,2025-03-29,"Top Research Reports for McDonalds, Abbott & OReilly Automotive Todays Research Daily features new research reports on 12 major stocks, including McDonalds Corp. (MCD), Abbott Laboratories (ABT) and OReilly Automotive, Inc. (ORLY), as well as a micro-cap stock MIND Technology, Inc. (MIND)."
247,2025-03-31,GE HealthCares Latest Product Launch to Boost Cardiology Care GEHCs latest commercial launch of Flyrcado and the grant of pass-through status by CMS aim to serve a wider patient pool across the United States.
248,2025-03-31,"The Zacks Analyst Blog Highlights McDonalds, Abbott Laboratories, OReilly Automotive and MIND Technology McDonalds, Abbott Laboratories, OReilly Automotive and MIND Technology are part of the Zacks top Analyst Blog."
249,2025-03-31,"New Late-Breaking Data Reinforce Benefits of Abbotts TriClip™ for People With Leaky Tricuspid Heart Valve Abbott (NYSE: ABT) today announced late-breaking data from its TRILUMINATE™ Pivotal trial that show the TriClip™ transcatheter edge-to-edge repair (TEER) system to treat tricuspid regurgitation (TR), or a leaky heart valve, offers substantial and sustained improvements in the severity of TR after two years. The results also demonstrate the TriClip device significantly reduced the rate of hospitalizations due to heart failure compared to medical therapy, while offering long-term quality-of-life b"
250,2025-04-01,"Abbott (ABT) Outperforms Broader Market: What You Need to Know In the latest trading session, Abbott (ABT) closed at $132.65, marking a +1.4% move from the previous day."
251,2025-04-01,ABT Stock to Gain From Early CE Mark Approval of Volt PFA System Abbott achieves early CE Mark approval for the Volt PFA system.
252,2025-04-01,"ABT Stock Gains Following the Positive TRILUMINATE Trial Results Abbott presents positive TRILUMINATE Pivotal trial data, which demonstrates TriClip systems safety and effectiveness at the ACC.25."
253,2025-04-01,"Best Dividend Aristocrats For April 2025 Dividend Aristocrats in 2025 show resilience, outperforming the S&P 500. Click here to read what investors need to know."
254,2025-04-02,"Abbott Laboratories (NYSE:ABT) Shows Promising Results in Heart Valve Device Study Abbott Laboratories (NYSE:ABT) recently announced successful outcomes from its TRILUMINATE™ Pivotal trial for the TriClip™ system, showcasing significant improvements in patient outcomes for tricuspid regurgitation. This medical breakthrough, coupled with Abbotts consistent financial performance, including strong earnings for the fourth quarter of 2024 and strategic dividend announcements, aligns with a 17% rise in its stock price over the last quarter. Despite market turbulences and mixed..."
255,2025-04-03,"Court Denies Abbotts Summary Judgment Motion In Patent Infringement Case: A Lesson In Joinder Rules In a recent decision from the United States District Court for the District of Massachusetts, the district court denied Abbott Laboratories motion for summary judgment in a patent infringement case..."
256,2025-04-04,The Dow Needs a Refresh. These Stocks Could Make It Sing. The Dow Needs a Refresh. These Stocks Could Make It Sing.
257,2025-04-04,"Reasons to Add ABT Stock to Your Portfolio Right Now Investors feel optimistic about Abbotts robust strength in the EPD, Diabetes and Nutrition businesses. However, unfavorable forex impacts are concerning."
258,2025-04-04,Q4 Rundown: Abbott Laboratories (NYSE:ABT) Vs Other Medical Devices & Supplies - Diversified Stocks Let’s dig into the relative performance of Abbott Laboratories (NYSE:ABT) and its peers as we unravel the now-completed Q4 medical devices & supplies - diversified earnings season.
259,2025-04-04,​RxSight: Navigating Market Headwinds Amid Intensifying Competition (Downgrade) RxSight faces revenue decline and rising competition in the IOL market. Explore the impacts of economic uncertainties and why a Hold rating is suggested.
260,2025-04-05,"The Dow Needs A Refresh. These New Members Could Make It Sing. The Dow Jones Industrial Average has lagged behind its flashier cousin, the S&P 500 index, in recent years, James Glassman writes in a guest commentary."
261,2025-04-06,"Abbott Laboratories (ABT): One of the Best Dividend Kings to Buy for Safe Dividend Growth We recently published a list of the 12 Best Dividend Kings to Buy For Safe Dividend Growth. In this article, we are going to take a look at where Abbott Laboratories (NYSE:ABT) stands against other best dividend kings. The importance of dividend stocks cannot be denied, even in today’s market environment, which is dominated by […]"
262,2025-04-07,"5 Defensive Stocks to Buy for a Safe Portfolio Amid Tariff-Led Mayhem Five defensive stocks to buy at this soaring volatility are TAP, CNP, WEC, BSX, HCA."
263,2025-04-08,"The Zacks Analyst Blog Highlights Molson Coors, CenterPoint Energy, WEC Energy, Abbott Laboratories and HCA Healthcare Molson Coors, CenterPoint Energy, WEC Energy, Abbott Laboratories and HCA Healthcare are included in this Analyst Blog."
264,2025-04-08,"Is Abbott Laboratories (ABT) the Most Profitable Dividend Stock to Buy Now? We recently published a list of the 8 Most Profitable Dividend Stocks to Buy Now. In this article, we are going to take a look at where Abbott Laboratories (NYSE:ABT) stands against other profitable dividend stocks. When it comes to profits, dividend investing is the first thing that springs to mind. Dividends represent a portion of […]"
265,2025-04-09,"ICUI Stock Gains Following Latest FDA Approvals for Precision IV Pumps ICU Medical aims to enable healthcare systems to customize infusion setups, optimizing device footprint without compromising performance or safety."
266,2025-04-09,Abbott (ABT) Earnings Expected to Grow: Should You Buy? Abbott (ABT) possesses the right combination of the two key ingredients for a likely earnings beat in its upcoming report. Get prepared with the key expectations.
267,2025-04-09,"TriSalus Life Sciences, Inc. (TLSI) Soars 6.6%: Is Further Upside Left in the Stock? TriSalus Life Sciences, Inc. (TLSI) witnessed a jump in share price last session on above-average trading volume. The latest trend in earnings estimate revisions for the stock doesnt suggest further strength down the road."
268,2025-04-10,Dexcom Surges After FDA Clears Its Next-Generation Diabetes Device Dexcom stock surged Thursday after the Food and Drug Administration cleared its newest diabetes device for an extended 15-day period.
269,2025-04-10,"Abbotts Q1 Earnings Coming Up, Medical Devices Arm in Focus ABTs Structural Heart, Rhythm Management and Neuromodulation businesses are likely to have driven its first-quarter 2025 performance."
270,2025-04-10,"Heres Why You Should Add Cencora Stock to Your Portfolio Now COR continues to gain traction from the robust U.S. Healthcare Solutions segment. However, stiff competition is a woe."
271,2025-04-10,Astronics and Boston Beer have been highlighted as Zacks Bull and Bear of the Day Astronics and Boston Beer have been highlighted as Zacks Bull and Bear of the Day.
272,2025-04-10,"Will Trump Tariffs Make or Break Healthcare Space? 3 Stocks to Rely On Investors looking to maintain exposure to healthcare can invest in large-cap U.S.-based companies like UHS, BMRN and ABT."
273,2025-04-10,"Abbott Laboratories stock rises Wednesday, still underperforms market Abbott Laboratories stock rises Wednesday, still underperforms market"
274,2025-04-11,"Seeking Clues to Abbott (ABT) Q1 Earnings? A Peek Into Wall Street Projections for Key Metrics Looking beyond Wall Streets top -and-bottom-line estimate forecasts for Abbott (ABT), delve into some of its key metrics to gain a deeper insight into the companys potential performance for the quarter ended March 2025."
275,2025-04-11,"Abbott (ABT) Stock Moves -2%: What You Should Know Abbott (ABT) closed at $124.50 in the latest trading session, marking a -2% move from the prior day."
276,2025-04-12,"Dividend Champion, Contender, And Challenger Highlights: Week Of April 13 Read here for highlights on recent and upcoming dividend related activity for dividend stocks on the Dividend Champions list."
277,2025-04-13,What Is Abbott Laboratoriess (NYSE:ABT) Share Price Doing? Today were going to take a look at the well-established Abbott Laboratories ( NYSE:ABT ). The companys stock saw a...
278,2025-04-14,"BAX Stock Declines Despite Latest Product Launch Boosting Patient Care Baxter aims to promote enhanced patient care through the evolution of its latest product, which enables direct accessibility in the operating room."
279,2025-04-15,"5 Top Stock Charts for This Week Tracey Ryniec talks about a new strategy for Q1 earnings season, including impacts of the tariffs, on ABT, TSM, AXP, MAN, and DHI."
280,2025-04-15,"The Zacks Analyst Blog Abbott, Taiwan Semiconductor, American Express, ManpowerGroup and D.R. Horton Abbott, Taiwan Semiconductor, American Express, ManpowerGroup and D.R. Horton are included in this Analyst Blog."
281,2025-04-15,"Badger Meter Gears Up to Report Q1 Earnings: Whats in the Offing? BMIs performance is likely to have benefited from demand for its solutions. However, the uncertain macro backdrop, higher costs and competition are concerns."
282,2025-04-15,"How To Earn $500 A Month From Abbott Laboratories Stock Ahead Of Q1 Earnings Abbott Laboratories (NYSE:ABT) will release its first-quarter earnings results before the opening bell on Wednesday, April 16. Analysts expect the company to report quarterly earnings at $1.07 per share, up from 98 cents per share in the year-ago period. According to data from Benzinga Pro, Abbott Laboratories projects quarterly revenue at $10.41 billion, compared to $9.96 billion a year earlier. On March 10, Bank of America Securities analyst Travis Steed maintained Abbott with a Buy rating and"
283,2025-04-15,Abbott Laboratories (ABT) Q1 Earnings: What To Expect Healthcare product and device company Abbott Laboratories (NYSE:ABT) will be announcing earnings results tomorrow before the bell. Here’s what to look for.
284,2025-04-16,"Abbott Labs Forecasts Tariff Impact of a ‘Few Hundred Million Dollars’ Abbott Laboratories forecasts an impact of a few hundred million dollars this year from Trump administration tariffs, Chief Executive Robert Ford told analysts Wednesday.  The healthcare company sees the costs starting in the third quarter.  Ford told analysts it is too early to simply double the 2025 estimate for how tariffs might affect Abbott in future years, but the company can cover them in the near term."
285,2025-04-16,"Abbott Labs Profit Jumps on Gains in Nutrition, Medical Devices Abbott Labs recorded higher earnings and revenue in the first quarter as strong demand for its nutritional products and medical devices offset weakness in other segments."
286,2025-04-16,"Abbott Laboratories stock pops on earnings beat Abbott Laboratories (ABT) stock is gaining after the healthcare tech company reported a first quarter earnings beat. Yahoo Finance Senior Healthcare Reporter Anjalee Khemlani sits down with Madison Mills and Brad Smith on Morning Brief to discuss the earnings print and the latest developments in the healthcare sector. To watch more expert insights and analysis on the latest market action, check out more Morning Brief here."
287,2025-04-16,Abbott Laboratories Maintains 2025 Outlook as First-Quarter Earnings Top Views Abbott Laboratories (ABT) affirmed its full-year outlook on Wednesday as the healthcare company repo
288,2025-04-16,Pre-Markets Open in The Red Pre-Markets Open in The Red
289,2025-04-16,"Nvidia, ASML, Abbott Labs: Stocks to watch today U.S. stock futures moved lower Wednesday as investors braced for another wave of geopolitical and earnings headlines. S&P 500 futures were down 0.5%, the Dow hovered near flat, and Nasdaq futures dropped more than 1%."
290,2025-04-16,"Compared to Estimates, Abbott (ABT) Q1 Earnings: A Look at Key Metrics While the top- and bottom-line numbers for Abbott (ABT) give a sense of how the business performed in the quarter ended March 2025, it could be worth looking at how some of its key metrics compare to Wall Street estimates and year-ago values."
291,2025-04-16,"Top Midday Stories: Nvidia, AMD Flag Looming Charges Tied to China Export Licenses; ASML Shares Fall on Sales Miss, Downbeat Guidance All three major US stock indexes were in the red at midday Wednesday, with the Nasdaq Composite down"
292,2025-04-16,"Abbott Bounds Off 50-Day Line, Shrugging Off Covid Test Malaise Abbott stock jumped after the market opened Wednesday despite a mixed first-quarter report thanks to light sales of its Covid tests."
293,2025-04-16,"Abbott Labs Clocks Q1 Profit Beat, CEO Says Diversification And Execution Enable Navigation During Uncertainty Abbott Laboratories (NYSE:ABT) on Wednesday reported first-quarter sales of $10.36 billion, up 7.2% year over year, almost in line with the consensus of $10.40 billion. First-quarter sales increased 4% on a reported basis, 6.9% on an organic basis, or 8.3% when excluding COVID-19 testing-related sales. The U.S. MedTech giant reported adjusted EPS of $1.09, beating the consensus of $1.07 and the management guidance of $1.05-$1.09. “Once again, Abbott’s diversified business model delivered top-tie"
294,2025-04-16,"Hims & Hers Stock Gains 5.8% in 3 Months: Heres How to Play it HIMS is enhancing offerings and expanding its health and wellness products and services to solidify its footing. However, macro challenges are likely to hurt its performance."
295,2025-04-16,Abbott Laboratories Stock Rises as First-Quarter Earnings Surpass Expectations Abbott Labs posts first-quarter sales that missed analysts’ estimates but rose 4% from a year earlier.
296,2025-04-16,Abbott Labs Bracing for Tariffs as Profits Rise -- Update By Dean Seal Abbott Labs boosted its earnings in the first quarter and hinted that its full-year guidance might have gotten a lift were it not for looming cost hikes from the recent tariff war....
297,2025-04-16,"Abbott backs profit forecast, to invest $500 million in US amid tariffs Medical device maker Abbott Laboratories maintained its annual profit forecast on Wednesday and said it expected the U.S. tariffs to hit earnings by a few hundred million dollars. ..."
298,2025-04-16,"“Rotation Carnage”: Jim Cramer Blames a Bad Rotation for Abbott Laboratories (ABT)’s Fall from Grace We recently published a list of Jim Cramer’s Game Plan: 15 Stocks to Watch. In this article, we are going to take a look at where Abbott Laboratories (NYSE:ABT) stands against other stocks that Jim Cramer discusses. On Friday, Mad Money host Jim Cramer outlined what investors should focus on in the week, especially pointing […]"
299,2025-04-16,Financial stocks dominate earnings slate Financial stocks dominate earnings slate
300,2025-04-16,"Abbott beats quarterly profit estimate on strong demand for diabetes devices Abbott Laboratories beat Wall Street estimates for first-quarter profit on Wednesday, buoyed by strong demand for diabetes care and other medical devices. The company also maintained its..."
