201,"Revealing My Full Portfolio - FF Portfolio Q1/2025 I aim to provide transparency by sharing quarterly updates on my portfolio, evaluating my strategy, and sparking new investment ideas. Click here to read more."
202,"Top Stock Reports for Amazon.com, Procter & Gamble and Sony Todays Research Daily features new research reports on 16 major stocks, including Amazon.com, Inc. (AMZN), The Procter & Gamble Co. (PG) and Sony Group Corp. (SONY), as well as a micro-cap stock The Monarch Cement Co. (MCEM)."
203,Dow Jones Dives 600 Points On Strong Jobs Report; Nvidia Tumbles On New AI Chip Limits Dow Jones Dives 600 Points On Strong Jobs Report; Nvidia Tumbles On New AI Chip Limits
204,"Amazon com : How Amazon is helping communities impacted by the LA County wildfires As devastating wildfires continue to ravage Los Angeles, our hearts go out to all those affected by this natural disaster. Amazon is deeply concerned about the impact these fires are having on our..."
205,"Heres Why Vistra Was a Top Performer in the S&P 500 in 2024 Shares in Vistra (NYSE: VST) rose by an incredible 257.9% in 2024, according to data provided by  S&P Global Market Intelligence.  The boom in AI applications in 2024 brought with it the concomitant need to invest in data centers to support that growth.  There is a critical need to secure a long-term, reliable power source for data centers, and nuclear power is increasingly seen as the answer."
206,"Amazon com : How to make an Amazon return at Whole Foods Market in 5 simple steps Amazon offers convenient, hassle-free returns. All you need to do is initiate the return on Amazon.com or in the Amazon Shopping app, then bring the item to Amazon return locations like your local..."
207,My Festering Questions for 2025 My Festering Questions for 2025
208,"Heartland Value Fund Q4 2024 Commentary The Heartland Value Fund outperformed its benchmark for Q4 2024 and also the past 1, 3 and 5 years. Click here to read the full commentary. "
209,"TQQQ: Risks Have Gotten Extreme (Rating Downgrade) The ProShares UltraPro QQQ ETFs underlying portfolio is trading at a nosebleed valuation, while the fund itself is levered to an extreme degree. Read more here."
210,Renewable Energy and Nuclear Start-Up Pair Up to Power AI Data Centers Renewable Energy and Nuclear Start-Up Pair Up to Power AI Data Centers
211,Im Selling Stocks Hand Over Fist I am raising cash by selling stocks with more potential for a negative year and selling covered calls on retained stocks. Read more to see my thoughts.
212,"Merion Road Capital Q4 2024 Investor Letter The Merion Road Small Cap Fund similarly had a good quarter, up 5.5%, bringing our 2024 returns to 17.4%. Read more here."
213,Blue Origin Reached Orbit. The Booster Rocket Didn’t Make It. Blue Origin Reached Orbit. The Booster Rocket Didn’t Make It.
214,"CPSC Deems Amazon as Distributor of Certain Defective Goods, Ordered to Address Issues By Denny Jacob The Consumer Product Safety Commission said it has unanimously issued a final order outlining steps Amazon.com must take to notify buyers and the public about hazardous products..."
215,"Amazon: Path To $270 By End 2025 Amazons stock surged in 2024, and it remains an attractive investment with strong return potential in 2025 despite higher rates. Read more on AMZN stock here."
216,"Mayar Capital Q4 2024 Letter To Partners Mayar Capital offers investment management services and believes in high-quality, value stocks for long-term outperformance in global markets."
217,"Beyond: The Perfect Turnaround Storm Could Be Unfolding Beyond Inc. is a low-risk, high-reward contrarian bet on an asset-light e-commerce turnaround."
218,"Meta Makes Intense Year Forecast And Big Layoffs Meta Platforms is looking to cut its headcount by 5%, which shows the efficiency drive by the management. Read why META stock is a Buy."
219,"Artisan Mid Cap Fund Q4 2024 Commentary During the quarter, we initiated new Garden SM positions in US Foods, Pure Storage, and Robinhood."
220,Big Tech ETF rises sharply as these megacap stocks help lift S&P 500 Big Tech ETF rises sharply as these megacap stocks help lift S&P 500
221,"Dell: Future-Proofing Business Sets The Stage For Earnings Beat Dell Technologies (DELL) presents strong growth potential with expansion into AI and growing server business, making it an undervalued investment..."
222,"Trumps First Day: Executive Order Stock Ideas Trumps first day saw a barrage of executive orders, 26 in total, that are a record for a Presidents first day. Click here for more insights."
223,Dow Jones Falls After Inflation Data; 5 Tech Giants To Buy And Watch Dow Jones Falls After Inflation Data; 5 Tech Giants To Buy And Watch
224,"Alphabet, Uber, Applied Materials, and 19 Other Picks From the Barron’s Roundtable Alphabet, Uber, Applied Materials, and 19 Other Picks From the Barron’s Roundtable"
225,DeepSeek Adds Another Risk Supporting Our Nvidia Thesis Nvidias stock underperforms due to a $6M open-source threat. Learn why NVDA stock faces risks from high valuation and rising competition in AI technology.
226,QGRO: Sophisticated Growth ETF With Average Return American Century U.S. Quality Growth ETF holds a portfolio of 199 stocks divided into pure growth and stable growth subsets. See why QGRO is a Hold.
227,"Amazon com : unveils location of first planned Prime Air drone delivery in the UK In 2023, Amazon announced its plans to launch drone deliveries in the UKthrough Prime Air. Having already built safe and reliable drone delivery services elsewhere in the world in close partnership..."
228,"Lawsuit accuses Amazon of secretly tracking consumers through cellphones Amazon.com was sued on Wednesday by consumers who accused the retailing giant of secretly tracking their movements through their cellphones, and selling data it collects. According to a..."
229,"Wall Street Lunch: GDP Falls Short Of Consensus U.S. GDP grew at an annual rate of 2.3% in Q4, down from the strong 3.1% pace in Q3"
230,"How To Strategically Allocate $25,000: Positioning Your Dividend Portfolio For 2025 Maximize your dividend portfolio potential with strategic allocations for 2025."
231,"UPS Yields Nearly 6%; Dividend Is Safe, CEO Says UPS Yields Nearly 6%; Dividend Is Safe, CEO Says"
232,Nvidia: AI-Related Demand A Source Of Growth And Sustaining Bargaining Power We sold Nvidia in the first quarter and repurchased in the fourth quarter. Why did we sell and then add back? Click here to find out.
233,"EU to make Temu, Shein and Amazon liable for unsafe goods, FT reports The European Union is planning to make e-commerce platforms such as Temu, Shein and Amazon Marketplace liable for dangerous or illegal products sold online, the Financial Times reported on Saturday. ..."
234,"DeepSeek Crashes The AI Party: Story Break, Change Or Shift? DeepSeeks abrupt entry into the AI conversation has the potential to change the AI narrative. Read more here."
235,Auto & Transport Roundup: Market Talk Auto & Transport Roundup: Market Talk
236,UPS’s Boss Is Under Pressure From Unhappy Investors—Its Own Retirees UPS’s Boss Is Under Pressure From Unhappy Investors—Its Own Retirees
237,"What’s worth streaming on Netflix, Max, Hulu and more in February 2025 — and which subscriptions to stop What’s worth streaming on Netflix, Max, Hulu and more in February 2025 — and which subscriptions to stop"
238,"Amazon, Alphabet earnings come with questions about cloud growth and DeepSeek Amazon, Alphabet earnings come with questions about cloud growth and DeepSeek"
239,Trump’s tariffs could hurt Temu and Shein. Here’s which stocks stand to gain. Trump’s tariffs could hurt Temu and Shein. Here’s which stocks stand to gain.
240,"Three of the Mag 7 are at record highs, with Metas stock on a 12-day win streak Three of the Mag 7 are at record highs, with Metas stock on a 12-day win streak"
241,"Amazon Q4 Earnings On Deck. Spotlight On DeepSeek, AI Shake-Up, Tariffs. Amazon Q4 Earnings On Deck. Spotlight On DeepSeek, AI Shake-Up, Tariffs."
242,"NVIDIA Corp., Chevron share gains lead Dows 111-point jump NVIDIA Corp., Chevron share gains lead Dows 111-point jump"
243,Dow Jones Futures Rise As Trump Tariffs On Canada Delayed; Palantir Soars 22% On Earnings Dow Jones Futures Rise As Trump Tariffs On Canada Delayed; Palantir Soars 22% On Earnings
244,"Stocks That May Benefit From An AI Evolution This Year Tech stocks are in focus as many of the bellwethers report results, but also because of the potential impact of DeepSeek on the AI sector. Morningstar Researchs David Sekera discusses."
245,Assessing The Factors Driving Technology Investments Cloud service providers have made heavy investments to convert their datacenters from general computing facilities to accelerated computing hubs.
246,"Reddit Q4 Preview: Up 200%, And Still Room To Run Reddits stock has surged 22% since December, outperforming the S&P 500 by 17x, as I was bullish on its strong Advertising and Data Licensing growth and expanding margins."
247,"Amazon Q4 Preview: Trump Tariffs Are A Good Thing Amazon.com, Inc.s automation and cost optimizations, including nuclear energy, position it to excel despite tariffs. Click for my AMZN Q4 earnings preview."
248,Google Cloud Capacity Constrained Like Microsoft Azure. Good News For Amazon? Google Cloud Capacity Constrained Like Microsoft Azure. Good News For Amazon?
249,Coupang Stock Meets 80-Plus RS Rating Benchmark Coupang Stock Meets 80-Plus RS Rating Benchmark
250,Dow Jones Rises After Surprise Jobless Claims; Roblox Crashes 30% On Sales Miss Dow Jones Rises After Surprise Jobless Claims; Roblox Crashes 30% On Sales Miss
