201,AI Diffusion Rule Rescinded: Tech Giants Impacted This article will examine how the chipmakers compare in terms of Quant Factor Grades and how TSMâs more compelling valuation could be a key attractor to investors.
202,Janus Henderson Balanced Fund Q1 2025 Commentary The Fund returned -2.05% and the S&P 500Â®Index returned -4.27%. The Bloomberg U.S. Aggregate Bond Index returned 2.78%. The Balanced Index returned -1.45%.
203,"Broadcom, IBD Stock Of The Day, Sets Up Ahead Of Earnings Broadcom, IBD Stock Of The Day, Sets Up Ahead Of Earnings"
204,"Celestica - Finally An AI Play That Is Not Trading At Too Elevated Valuations Celestica could be a hidden gem in AI hardware and supply chains, which enjoy strong growth, low valuation, and reduced risk. Read more about CLS and why its a good bet."
205,"Zacks Industry Outlook Highlights Broadcom, Lam Research and Impinj Broadcom, Lam Research, and Impinj shine as AI and chip demand fuel gains in the top-ranked Zacks semiconductor industry."
206,"Micron Stock Soars 23% in a Month: Time to Hold or Book Profits? MU shares are up 23% in a month on AI and trade relief. Solid growth ahead, but margin concerns lead to a hold recommendation."
207,"Dow Jones Futures Rise As Trump Delays EU Tariffs; Nvidia Earnings Ahead, Tesla Has New Entry Dow Jones Futures Rise As Trump Delays EU Tariffs; Nvidia Earnings Ahead, Tesla Has New Entry"
208,"Qualcomm vs. Broadcom: Which Chip Giant is the Better Buy Now? Broadcom eyes 2025 gains with 35.9% EPS growth and 62.5% stock surge, outpacing Qualcomms 15.6% EPS rise and 30.9% decline."
209,"Jim Cramer on Broadcom Inc (AVGO): “This Stock Has Been a Horse” We recently published a list of Jim Cramer Had These 21 Stocks on His Radar. In this article, we are going to take a look at where Broadcom Inc. (NASDAQ:AVGO) stands against other stocks that Jim Cramer discusses. When a caller expressed bullishness toward Broadcom Inc. (NASDAQ:AVGO), Cramer commented: “Broadcom is good, my friend. It’s […]"
210,"Trees Dont Grow To The Sky, But Nvidia Does Nvidia Corporation beats Q1 expectations with AI-driven growth and strong gaming results. Click for my look at NVDA earnings and a look at the competition."
211,Top S&P 500 Opportunities: 3 Stocks with Significant Growth Potential Palantir has some of the best growth opportunities of any S&P 500 company.  Broadcom has a huge opportunity with custom artificial intelligence (AI) chips.  AI inference could be a game changer for AMD.
212,DIARY-U.S. earnings week ahead Diary of U.S. corporate earnings for the week ahead. ** Please Note - All times given are in U.S. EDT unless otherwise stated ** U.S. EARNINGS ...
213,Wall Street Roundup: The Fog Of Tariffs Nvidia gets another shrug from Wall Street post-earnings and tariff uncertainty continues.
214,Marvell Stock Slides. Why It Could Be the Cheap AI Chip Play. Marvell Stock Slides. Why It Could Be the Cheap AI Chip Play.
215,"Tracking Ray Dalios Bridgewater Associates 13F Portfolio - Q1 2025 Update See an update on Bridgewater Associates Q125 portfolio shifts, highlighting top stock changes in tech and retail, diversification strategies, & key holdings."
216,"CrowdStrike, GameStop To Report Earnings Next Week As Investors Focus On Job Openings And Unemployment Rate CrowdStrike, GameStop will report earnings next week. Economic data will include the keenly watched jobs report. See more updates here."
217,"1 Unpopular Stock that Should Get More Attention and 2 to Avoid When Wall Street turns bearish on a stock, it’s worth paying attention. These calls stand out because analysts rarely issue grim ratings on companies for fear their firms will lose out in other business lines such as M&A advisory."
218,"Lord Abbett Affiliated Fund Q1 2025 Commentary The Fund returned 0.49% reflecting performance at the net asset value of Class I shares with all distributions reinvested for the quarter ended March 31, 2025."
219,CoreWeave: 4 Warnings From Nvidias Q1 FY 2026 Earnings Discover hidden risks in CoreWeaves growth model despite its post-IPO surge. Uncover vulnerabilities highlighted by Nvidias F1Q26 earnings.
220,Qualcomm CEO: Were diversifying beyond declining Apple business Qualcomm CEO Cristiano Amon says diversifying away from Apple business will remain a top priority.
221,"Stocks to Watch Wednesday: Dollar Tree, Nvidia, Wells Fargo, CrowdStrike ↗️ Nvidia (NVDA): Shares in the AI bellwether edged up in heavy premarket trading. On Tuesday, the chip maker took the crown as the world’s most valuable company, surpassing Microsoft (MSFT). ↗️ Wells Fargo (WFC): The Federal Reserve lifted a longstanding, roughly $2 trillion cap on the bank’s assets, imposed as punishment for a fake-accounts scandal."
222,"Top Research Reports for Meta Platforms, Broadcom & JPMorgan META, AVGO, and JPM shine in new analyst reports, with AI momentum, user growth, and banking strength fueling gains."
223,"Risk Averse? A 3-Fund Portfolio For A Balance Of Income And Growth Investing is essential for long-term wealth. Find out how to diversify with SCHD, SPIN, and SCHG for income, growth, and risk management in uncertain markets."
224,"Broadcom earnings, Fed, Nintendo Switch 2: What to Watch Market Domination Overtime hosts Julie Hyman and Josh Lipton preview the top market stories and headlines Wall Street will be paying attention to tomorrow, Thursday, June 5, including earnings from Broadcom (AVGO), Lululemon Athletica (LULU), and Victorias Secret (VSCO), commentary from Federal Reserve officials, and the release of Nintendos (NTDOY, 7974.T) widely anticipated Switch 2 game console at midnight. To watch more expert insights and analysis on the latest market action, check out more Market Domination Overtime here."
225,"This Artificial Intelligence (AI) Stock Could Be the Best Bargain in the Market Right Now The rise in spending on data centers and chipsets bodes well for semiconductor businesses.  While Nvidia and its peers remain tempting buys, Taiwan Semiconductor Manufacturing is my top choice.  Just two months ago, the Nasdaq Composite was down over 20% year to date following President Trumps Liberation Day tariff announcement on April 2."
226,"Salesforce initiated, Dollar Tree upgraded: Wall Streets top analyst calls Salesforce initiated, Dollar Tree upgraded: Wall Streets top analyst calls"
227,"BROADCOM : Buy rating from Bernstein In a research note published by Stacy Rasgon, Bernstein advises its customers to buy the stock. The target price is reviewed upwards from USD 250 to USD 295."
228,"S&P Giants And Record Highs Within the S&P 500, 32 stocks now have market caps of at least $250 billion. Of those, four have traded at all-time highs today. Click to read."
229,American Century Ultra Fund Q1 2025 Commentary Large-cap value marked the only U.S. stock category that posted a quarterly gain. Mid-cap stocks broadly outperformed large-cap stocks. Read more here.
230,"Zacks Investment Ideas feature highlights: NVIDIA, Innodata and Broadcom NVIDIA, Innodata, and Broadcom surge on booming AI demand, with strong earnings and bullish guidance fueling momentum."
231,"SOXS: Losses Will Only Deepen From Here -- Bad Time To Bet Against Semis Semiconductor stocks have rebounded from April lows with the AI growth story back on track, making SOXS unattractive even after its dip. Read the full SOXS stock analysis here."
232,Nvidia Stock Falls. What’s Behind the Latest Drop. Nvidia Stock Falls. What’s Behind the Latest Drop.
233,"Harbor Human Capital Factor US Large Cap ETF Q1 2025 Commentary During the first quarter, the Harbor Human Capital Factor US Large Cap ETF returned -4.13%, slightly underperforming its benchmark."
234,Wall Street Brunch: Geopolitics Overshadows The Fed Trump promises peace between Israel and Iran âsoon.â Oil spike making the Fedâs job tougher. Best banks for a multipolar world.
235,"Stocks Settle Mostly Lower as Chip Makers Fall The S&P 500 Index ($SPX ) (SPY ) Friday closed down -0.22%, the Dow Jones Industrials Index ($DOWI ) (DIA ) closed up +0.08%, and the Nasdaq 100 Index ($IUXX ) (QQQ ) closed down -0.43%. September E-mini S&P futures (ESU25 ) are down -0.21%, and September E-mini Nasdaq futures..."
236,"Lam Research Rallies 25% YTD: Is it Too Late to Buy the Stock? LRCX climbs 25.3% YTD as AI and data center demand boost growth, while its valuation stays appealing."
237,Nvidia Stock Falls. Why Wall Street Is Wary of Piling in. Nvidia Stock Falls. Why Wall Street Is Wary of Piling in.
238,"Calamos Phineus Long/Short Fund Q1 2025 Commentary Calamos Phineus Long/Short Fund rose 0.93% in Q1 (Class I shares at NAV), compared with a price decline of -4.27% for the S&P 500 Index and loss of -2.15% for the MSCI World Index."
239,"Lyft upgraded, Block assumed: Wall Streets top analyst calls Lyft upgraded, Block assumed: Wall Streets top analyst calls"
240,"Email Encryption Market worth $23.33 billion by 2030- Exclusive Report by MarketsandMarkets™ The Email Encryption Market is projected to reach USD 23.33 billion by 2030 (forecast year) from USD 9.30 billion in 2025 (estimated year), at a CAGR of 20.2% during 2025–2030, according to a new report by MarketsandMarkets™."
241,"My Dividend Stock Portfolio: New May Dividend Record - 100 Holdings With 15 Buys Explore May 2025 market volatility, U.S.-China trade talks, and record dividend income growth."
242,"3 Upcoming Catalysts That Could Propel Arista Networks (ANET) Higher Arista Networks Inc (NYSE:ANET) is one of the 10 AI Stocks Making Waves on Wall Street. On June 25, Evercore ISI analyst Amit Daryanani reiterated an “Outperform” rating on the stock with a $110.00 price target. The firm considers Meta’s two-layer scheduled fabric architecture for back-end networks to be a significant opportunity for Arista. It is expected […]"
243,"Zacks Market Edge Highlights: SEI, MRVL, AVGO, ORCL and PGY Zacks names five rising AI stocks beyond NVIDIA, featuring SEI, MRVL, AVGO, ORCL, and PGY, with strong growth potential."
244,Broadcom Stock Called Top Pick. Heres Why. A Wall Street analyst on Wednesday named Broadcom stock as his “top pick” among semiconductor stocks.
245,"SIXG Poised For Strong AI Growth Backed by key players like Oracle & Cisco, SIXG ETF delivers diversified exposure to 5G/6G and AI tech. Read more on why SIXG is rated a BUY for long-term growth."
246,"Zacks Market Edge Highlights: PANW, PLTR and AVGO PLTR, PANW and AVGO are hitting new highs as earnings surge. Heres why they are top growth picks for late 2025."
247,"Broadcom Unleashes Tomahawk 6: 102.4 Tbps Chip Sets New Benchmark for AI Data Centers Broadcom Inc. (NASDAQ:AVGO) is one of the stocks that Donald Trump owns. In early June, Broadcom (AVGO) began shipping its Tomahawk 6 Ethernet switch, the most powerful chip of its kind yet. Built on a 3nm node and delivering a staggering 102.4 Tbps of bandwidth, the Tomahawk 6 is designed to serve AI hyperscale data centers and enable […]"
248,Mar Vista U.S. Quality Q2 2025 Commentary Mar Vistaâs U.S. Quality strategy returned +12.40% net-of-fees in the second quarter of 2025.
249,"Nvidia: $4 Trillion And Still Not Expensive, Heres Why Nvidia Corporations AI lead, solid growth, and unmatched margins justify its valuation. Click for my look at NVDA and what it needs to do to justify its valuation."
250,"Broadcom Inc. (AVGO) Isn’t That High When It Comes To A P/E Multiple, Says Jim Cramer We recently published Jim Cramer Discusses These 12 Stocks & Says Trump’s Winning. Broadcom Inc. (NASDAQ:AVGO) is one of the stocks Jim Cramer recently discussed. Broadcom Inc. (NASDAQ:AVGO) is a semiconductor designer primarily known for its networking chips and modems. In today’s AI era, the firm’s shares have seen investor interest due to its custom […]"
