51,"These Ultra-High-Yielding Dividend Stocks Are No Joke You see a high dividend yield on a stock and believe you can make a lot of passive income.  Realty Income (NYSE: O), Brookfield Renewable (NYSE: BEPC)(NYSE: BEP), and Verizon (NYSE: VZ) all currently pay dividends yielding more than 5%, putting them several times higher than the S&P 500s (SNPINDEX: ^GSPC) 1.3% yield.  Because of that, you can confidently buy these dividend stocks without the fear of eventually looking like a fool for falling for a trap."
52,"3 Top Dividend Stocks to Buy and Hold for the Next 20 Years Dividend stocks are great long-term investments.  Brookfield Renewable (NYSE: BEPC)(NYSE: BEP), Realty Income (NYSE: O), and Medtronic (NYSE: MDT) have multi-decade histories of increasing their dividends."
53,"Is Brookfield Renewable Corporation (BEPC) the Best Clean Energy Stock to Buy According to Billionaires? We recently published a list of the 10 Best Clean Energy Stocks to Buy According to Billionaires. In this article, we are going to take a look at where Brookfield Renewable Corporation (NYSE:BEPC) stands against other top clean energy stocks according to billionaires. The current overall bearish trend has also dealt a massive blow to […]"
54,"3 Dividend Stocks Yielding Over 4% to Buy in April Many growth-focused companies dont pay dividends at all, which is why the yield on the S&P 500 (SNPINDEX: ^GSPC) has fallen to just 1.4%.  Stocks with reliable dividends and high yields can be excellent ways to collect passive income no matter what the broader market is doing.  Heres why these three fool.com contributors think Chevron (NYSE: CVX), Brookfield Renewable Partners (NYSE: BEP) (NYSE: BEPC), and MSC Industrial Direct (NYSE: MSM) are three high-yield dividend stocks to buy now."
55,"3 No-Brainer Energy Stocks to Buy Right Now Demand drivers such as artificial inteligence (AI) data centers, the onshoring of manufacturing, and the electrification of everything will power a 55% surge in electricity demand by 2040, according to some estimates.  Given the continued concerns surrounding climate change, this power will need to come from cleaner sources, including renewables, natural gas, and nuclear.  This forecast makes energy companies focused on supporting growing electricity demand look like no-brainer investments right now."
56,"3 Megatrends Are Creating A Once-In-A-Generation Boom For Infrastructure Stocks Markets are volatile, but infrastructure shines under todayâs macro conditions. See which stocks picked offer lasting dividend growth and real wealth."
57,"The More It Underperforms, The More I Buy Recent sector surges hide undervalued stocks with major upside potential. Check out why these market laggards are great buys today."
58,"Top Wind Energy Stocks to Add to Your Portfolio for Solid Returns Leading wind energy stocks like EXC, BEP, AES and PCG present compelling opportunities, given their strong foothold in the market and focus on expansion."
59,A Major Market Disruption Is Likely Coming A major market shakeup could be imminent. Techâs AI-fueled rally may be running on fumesâhereâs where the real profits are shifting. Read the full article here.
60,"Brookfield Renewable Announces Strong First Quarter Results All amounts in U.S. dollars unless otherwise indicated BROOKFIELD, News, May 02, 2025 (GLOBE NEWSWIRE) -- Brookfield Renewable Partners L.P. (TSX: BEP.UN; NYSE: BEP) (“Brookfield Renewable Partners”, BEP) today reported financial results for the three months ended March 31, 2025. “We had a strong start to the year, delivering record results from our large, highly contracted, global operating fleet, which is now approaching 45,000 megawatts diversified across the lowest cost energy technologies"
61,"Brookfield Renewable (BEP) Q1 Earnings: Taking a Look at Key Metrics Versus Estimates Although the revenue and EPS for Brookfield Renewable (BEP) give a sense of how its business performed in the quarter ended March 2025, it might be worth considering how some key metrics compare with Wall Street estimates and the year-ago numbers."
62,"Brookfield Renewable Partners price target lowered to $30 from $31 at CIBC CIBC lowered the firm’s price target on Brookfield Renewable Partners (BEP) to $30 from $31 on updated debt values/assumptions, while keeping an Outperformer rating on the shares. The firm does not believe Brookfield Renewable Partners’ share price performance and current valuation reflects its ability to deliver consistent results and deliver on its growth objectives. CIBC thinks Brookfield Renewable Partners is one of the best-positioned firms to navigate tariffs/U.S. policy changes in terms o"
63,Dividend Stocks That Beat The Market - With Less Risk Higher returns typically come with higher risk. Read here for 2 high-yield dividend stocks offering potential higher returns with lower risk.
64,Buy The Dip: 2 Blue-Chip High Yields Getting Way Too Cheap 2 top high-yield dividend growth stocks are on sale after recent pullbacks. See why they are strong buys now and take advantage of the opportunity.
65,3 Safe Ultra-High-Yield Dividend Stocks to Buy and Hold for a Lifetime of Passive Income Brookfield Renewable has grown its high-yielding payout at a 6% compound annual rate since 2001.  MPLX has grown its big-time distribution at a more than 10% annual rate over the past three years.  NNN REIT has one of the longest dividend growth streaks in its sector.
66,"How To Build A $100,000 Dividend Portfolio That Could Yield 10.75% In 15 Years The Dividend Income Accelerator Portfolio targets income growth and diversification across sectors and countries. Learn why it offers strong returns and low risk."
67,"How To Build A High-Yielding Dividend Portfolio In June 2025 As June 2025 begins, markets remain pricey and risks are mounting, making investing tough. Learn how Iâm allocating capital and building a dividend portfolio now."
68,"Theres Absolutely Massive Demand Growth Ahead for This Well-Positioned High-Yield Stock The world is in the middle of an energy transition.  The big picture is that energy transitions take decades to play out.  In fact, even some of the oldest energy sources havent been eliminated, even though they have been usurped by newer energy sources."
69,Brookfield Renewable (BEP) Soars 7.7%: Is Further Upside Left in the Stock? Brookfield Renewable (BEP) saw its shares surge in the last session with trading volume being higher than average. The latest trend in earnings estimate revisions may not translate into further price increase in the near term.
70,National Bank of Canada Switches Analyst Coverage of the Sustainable Infrastructure and Clean Technology Sector National Bank of Canada over the weekend said analyst Baltej Sidhu is assuming coverage of its Susta
71,Recession Alert: Very Good News For Dividend Stocks A recession could be likely to hit in H2 2025. But this could actually be very good news for dividend stocks. Read how I am positioning my portfolio to benefit from this.
72,"Warren Buffett Owns Chevron. You Should Buy These 3 High-Yield Energy Stocks Instead. Enbridge operates in two sectors that Buffett likes, generating reliable and growing cash flows from each.  Brookfield Renewable generates very stable cash flow backed by renewable energy.  Enterprise Products’ high yield is backed by growing cash flows, and that’s unlikely to change."
73,"Boralex, Northland Power, Brookfield Renewable Partners to Benefit from Ontarios Energy for Generations Plan, National Bank Says National Bank of Canada has an Outperform rating on each of Boralex (Target C$42), Northland (Target"
74,"Brookfield Renewable Corporation Announces Results of Annual Meeting of Shareholders BROOKFIELD, NEWS, June 16, 2025 (GLOBE NEWSWIRE) -- Brookfield Renewable Corporation (the “Corporation”) (TSX, NYSE: BEPC) today announced that all eight nominees proposed for election to the board of directors of the Corporation by holders of class A exchangeable subordinate voting shares (“Exchangeable Shares”) and holders of class B multiple voting shares (“Class B Shares”) were elected at the Corporation’s annual meeting of shareholders held on June 16, 2025 in a virtual meeting format and t"
75,NML: Solid Distribution Coverage And Stability In The Face Of Conflicts Invest in stability with Neuberger Berman Energy Infrastructure and Income Fund Incâoffering resilient energy infrastructure exposure. Click for my NML update.
76,"2 Undervalued High-Yield Sectors With Huge Tailwinds (Top Picks) Diversification builds stability in dividend portfolios, but sector overweights can enhance returns. See why these two high-yield sectors and top picks stand out."
77,Forget Get Rich Quick: The Real Dividend Strategy That Built My Income Machine Many investors lose money chasing hype instead of setting realistic goals and building wealth steadily. Read why my dividend strategy drives 90% of my net worth.
78,"7 Stocks Im Buying As Tariffs And Deportations Prowl Behind The Rally Read here for key economic risks from tariffs and slowing population growth, renewables resilience, and top REIT picks for defensive growth."
79,Billionaire Says Infrastructure Investing Is Entering A Golden Age - Our Top Picks See why top billionaires are betting on infrastructure in this golden age and how you can invest to capitalize on this emerging macro trend. Click for the picks.
80,"BEP- A High Percentage Bet in the Renewables Sector The key motivation for 2025 utility M&A is a quest for scale. The best way to bet on it is to build positions in the strongest companies that are on track to grow with or without a deal — like Brookfield Renewable Partners LP (BEP), notes Roger Conrad, managing partner at Capitalist Times."
81,The #1 Mistake High-Yield Investors Keep Making (I Learned The Hard Way) High-yield dividend stocks can be traps and learn a smarter investment approach to boost returns. Read here for more analysis.
82,Keep Calm And Keep Buying These Dividends Discover why giving up on dividend investing could be a costly mistake & explore top dividend investments to buy now for steady income & long-term growth. Read more here.
83,"Buy These Renewable Energy & Battery Energy Stocks to Boost Your Portfolio NXT, BEP, and VWDRY are tapping into soaring demand for renewables and battery storage with global expansion moves."
84,"Brookfield Renewable (BEP) Reports Q2 Earnings: What Key Metrics Have to Say The headline numbers for Brookfield Renewable (BEP) give insight into how the company performed in the quarter ended June 2025, but it may be worthwhile to compare some of its key metrics to Wall Street estimates and the year-ago actuals."
85,2 High-Yield Preferreds For Non-Cyclical Retirement Income Using Brookfield Renewable Partners and Global Medical REIT to preserve high yields could be a smart move. Click here for more on Dividend Quick Picks & Lists.
86,"Building A $50,000 Dividend Portfolio: Enhancing SCHDs Income With Augusts Top High-Yield Stocks Build a $50k dividend portfolio with SCHD at the core, boosted by high-yield picks & growth stocks."
87,"Goodbye Growth? Heres What Im Buying As Value Mounts A Comeback Recent underperformance in growth tech stocks reflects doubts about AI, while value-oriented dividend stocks have shown resilience and defensiveness. See more here."
88,"The World Awaits: AI Infrastructure, Energy Convergence Drives Investment AI infrastructure and energy are converging themes driving massive capex from hyperscalers and related beneficiaries. Read what investors need to know about these developments."
89,"Brookfield Renewable: I Added Its Low-Carbon Dividend To My Renewables Portfolio Brookfield Renewable boosts FFO per unit by 10%, adds 7,700 MW, and leverages global diversification and inflation-indexed revenues for sustainable growth."
90,"The Great Disconnect: AI Stocks Soar While The Economy Stalls AI is driving stock market highs, but economic reality lags behind, raising questions about sustainability and risk. Find out why investors should watch closely."
91,"The $100,000 Dividend Portfolio: 10-Year Blueprint For Financial Freedom Turn $100K into lifelong passive income in 10 years with a simple plan that redefines retirement. Learn why the fastest path to freedom might be in your hands."
92,"Brookfield: My Long-Term Anchor For My Portfolio Brookfield is evolving into an investment-led insurer, using annuity and pension float as a permanent engine for growth. Read why BN stock is a Buy."
93,"Dividend Champion, Contender, And Challenger Highlights: Week Of September 21 This is our weekly summary of dividend activity for Dividend Champions, Contenders, and Challengers. Read the latest in the article series here."
94,"Brookfield Renewable: Trumps Policy Gambit Vs. Brookfields Global Diversification Discover why Brookfield Renewable Partners (BEP) offers stable returns, dividend growth, and lower risk than high-yield options."
95,"Bond Kings Dire AI Warning: A Major Market Reversal Could Be Coming AI sector faces major risk, warns the Bond King. Read about how to protect your portfolio and optimize risk-reward amid potential market upheaval."
96,Brookfield Renewable Partners L.P. Limited Partnership Units (BEP.UN:CA) Analyst/Investor Day - Slideshow 2025-09-25. The following slide deck was published by Brookfield Renewable Partners L.P.
97,Why Brookfield Renewables Growth Is Set To Accelerate Discover how Brookfield Renewable leverages global energy trends and inflation-linked contracts to target 10%+ annual FFO growth. Click for BEP & BEPC updates.
98,"My Retirement Is Built On These Dividend Machines To retire on dividends, investors need to ensure that their portfolio is filled with holdings that pass five key tests. Learn more about those tests in detail here."
99,"My Dividend Stock Portfolio: New September Dividend Record - 100 Holdings With 13 Buys Discover Septembers top stock gains, AI-driven strategies, and high-yield BDC investments to boost passive income."
100,A Major Market Shift Could Be Coming The S&P 500 has been on a very strong run over the past several years. Click here for more information on Market Outlook.
