1,2024-10-18,Danaher Gears Up to Report Q3 Earnings: Whats in the Cards? DHRs Q3 results are likely to be affected by weakness in the Biotechnology and Life Sciences segment.
2,2024-10-18,"Baron Health Care Fund Q3 2024 Shareholder Letter In Q3 2024, Baron Health Care Fund advanced 5.81% (Inst), vs. 6.74% gain for the Russell 3000 Health Care Index (Benchmark). Click here to read the full letter."
3,2024-10-18,"Spectris plc: Its A Great Time To Buy Spectris is well-positioned to benefit from megatrends like electrification, decarbonization, and advanced manufacturing. See why SEPJF stock is a Buy."
4,2024-10-19,"Stocks to watch next week: Tesla, Lloyds, LOréal, Coca-Cola and Unilever Earnings preview of key companies reporting next week and what to look out for."
5,2024-10-22,"Danaher : Reports Third Quarter 2024 Results Form 8 K Danaher Reports Third Quarter 2024 Results WASHINGTON D.C., October 22, 2024 -- Danaher Corporation today announced results for the quarter ended September 27, 2024. All results in..."
6,2024-10-22,"Danaher (DHR) Tops Q3 Earnings and Revenue Estimates Danaher (DHR) delivered earnings and revenue surprises of 9.62% and 3.65%, respectively, for the quarter ended September 2024. Do the numbers hold clues to what lies ahead for the stock?"
7,2024-10-22,Danaher Third-Quarter Results Top Street Views; Affirms Full-Year Core Revenue Outlook Danaher Third-Quarter Results Top Street Views; Affirms Full-Year Core Revenue Outlook
8,2024-10-22,"Life Science Giant Danaher Q3 Earnings: Revenue And EPS Beat, Sticks To  Annual Guidance On Tuesday, Danaher Corp (NYSE:DHR) reported third-quarter sales of $5.79 billion, up 3% year-over-year, beating the consensus of $5.59 billion. Non-GAAP core revenue increased by 0.5%, compared to the expectations of a decline in the low-single digits. Danaher reported second-quarter adjusted EPS of $1.71, beating the consensus of $1.57. Operating cash flow was $1.5 billion, and non-GAAP free cash flow was $1.2 billion. Also Read: Danaher Is Poised For ‘A Good Year In Bioprocessing’: Analyst. R"
9,2024-10-22,"Danaher Corporation (DHR) Q3 2024 Earnings Call Transcript Danaher Corporation (NYSE:DHR) Q3 2024 Earnings Call Transcript October 22, 2024 8:00 AM ETCompany ParticipantsJohn Bedford - VP of IRRainer Blair -..."
10,2024-10-22,"Stock Markets Taper on High Valuations, Upcoming Election In two weeks we potentially could see a number of prominent news items which could change the trajectory of stock market enthusiasm."
11,2024-10-22,Danaher Corporation 2024 Q3 - Results - Earnings Call Presentation The following slide deck was published by Danaher Corporation in conjunction with their 2024 Q3 earnings call.
12,2024-10-22,"Danaher : Quarterly Report for Quarter Ending September 27, 2024 (Form 10-Q) dhr-20240927 UNITED STATES SECURITIES AND EXCHANGE COMMISSION Washington, D.C. 20549 ..."
13,2024-10-22,"Danaher 3Q EPS, Sales Top Views on Strong Cepheid Test Demand By Rob Curran Danaher Corp. posted third-quarter earnings and sales ahead of Wall Street expectations and backed its projection for 2024 sales growth, bolstered by growing demand for its Cepheid..."
14,2024-10-23,"Danaher Q3 Earnings Surpass Estimates, Diagnostics Sales Up Y/Y DHRs third-quarter earnings and sales surpass estimates, benefiting from the solid performance of its Life Sciences and Diagnostics segments."
15,2024-10-23,"Jim Cramer on Danaher Corporation (DHR): ‘It’s A Very Important Position’ We recently compiled a list of the Jim Cramer’s Game Plan: 23 Stocks to Watch. In this article, we are going to take a look at where Danaher Corporation (NYSE:DHR) stands against the other stocks to watch according to Jim Cramer. As Wall Street dives into the heart of earnings season, Jim Cramer has provided insights […]"
16,2024-10-23,Decoding Danaher Corp (DHR): A Strategic SWOT Insight Insightful Analysis of Danaher Corps Market Position and Future Prospects
17,2024-10-24,"Danaher price target raised to $265 from $250 at Stifel Stifel analyst Daniel Arias raised the firm’s price target on Danaher (DHR) to $265 from $250 and keeps a Hold rating on the shares. Q3 performance was above consensus on the top and the bottom lines, with the beat largely driven by Cepheid, but also helped by some bioprocess demand that surpassed expectations, the analyst tells investors. The post-earnings move in shares likely reflects questions on 2025 growth, but if “comfort can be gained with a low-teens EPS growth rate that puts EPS on a p"
18,2024-10-25,Understanding Danahers Cautiousness Discover the cautious optimism behind Danahers Q3 earnings report and why management is hesitant to provide specific numbers in this article.
19,2024-10-26,Want to Grow a Passive Income Snowball? Buy These 7 Elite Dividend Growth Stocks. These seven companies are transforming steady profits into rising passive income streams for investors.
20,2024-10-28,Danaher (DHR) Reliance on International Sales: What Investors Need to Know Examine Danahers (DHR) international revenue patterns and their implications on Wall Streets forecasts and the prospective trajectory of the stock.
21,2024-10-29,"Danaher Corp. stock falls Tuesday, underperforms market Danaher Corp. stock falls Tuesday, underperforms market"
22,2024-10-29,"Parnassus Growth Equity Fund Q3 2024 Commentary Parnassus Growth Equity Fund (I) returned 3.29% (net) for the quarter, outperforming the Russell 1000 Growth Indexâs 3.19%. Click here to read the full fund letter. "
23,2024-11-01,"Here’s Why Baron Health Care Fund Added Danaher Corporation (DHR) to its Portfolio Baron Funds, an investment management company, released its “Baron Health Care Fund” third quarter 2024 investor letter. A copy of the letter can be downloaded here. The fund appreciated 5.81%% (Institutional Shares) in the quarter compared to a 6.74% gain for the Russell 3000 Health Care Index (benchmark) and a 6.23% gain for the Russell […]"
24,2024-11-01,"Danaher : Powering a new paradigm for pathology To address this issue, Dr. Rimm and his lab developed a new, high sensitivity HER2 assay in 2022. Our solution doesnt force the pathologist to judge the level, but instead utilizes their ability to..."
25,2024-11-04,"Danaher Corp. stock falls Monday, still outperforms market Danaher Corp. stock falls Monday, still outperforms market"
26,2024-11-12,"Danaher : Building a virtual 4D cell Putting biology in place At the core of creating the virtual cell is understanding not just how proteins are shaped, but where they are located within the cell. For a long time,..."
27,2024-11-12,"Danaher Corp. stock falls Monday, underperforms market Danaher Corp. stock falls Monday, underperforms market"
28,2024-11-13,Weitz Conservative Allocation Fund Q3 2024 Commentary The Conservative Allocation Funds Institutional Class returned +4.82% for the third quarter compared to +6.32% for the Morningstar Moderately Conservative Target Risk Index.
29,2024-11-14,Thermo Fisher Scientific: Near The Bottom And Attractively Valued Thermo Fisher Scientific has good revenue and margin growth prospects ahead and is trading at a discount. See why TMO stock is a Buy.
30,2024-11-15,"Health advocates press Cepheid for cheaper mpox tests Global health advocates have written to the makers of a key mpox diagnostic test to call for its price to be cut from around $20 per test to $5, to help tackle low testing rates in poorer countries..."
31,2024-11-15,Revving Up: 2 Underperforming Dividend Giants Ready To Outshine Two dividend stocks are well-positioned for growth after adapting to challenges. Find out why CP and DHR offer solid returns and potential for a strong rebound.
32,2024-11-19,"Danaher Corporation (DHR) Highlighted Milestones in its 2024 Corporate Sustainability Report Madison Investments, an investment advisor, released its “Madison Sustainable Equity Fund” third quarter 2024 investor letter. A copy of the letter can be downloaded here. All equity classes experienced good results in the third quarter. During the quarter, equity markets ended on a high note, with the S&P 500 achieving a 5.89% increase, bringing the full-year […]"
33,2024-11-19,"Fidelity Select Health Care Portfolio Q3 2024 Fund Review For Q3 2024, the Fidelity Select Health Care Portfolio fund gained 9.48%, outperforming the MSCI sector index. Click here to read the full commentary."
34,2024-11-20,"BlackRock Event Driven Equity Fund Q3 2024 Commentary BlackRock Event Driven Equity Fund The Fund was up over the quarter with hard catalyst, soft catalyst, and credit investments all contributing to returns."
35,2024-11-21,"Franklin DynaTech SMA Q3 2024 Commentary Global equities ended 3Q24 collectively higher as they recovered from bouts of heightened volatility, including a market selloff in early August following an interest rate hike by the BoJ."
36,2024-11-21,"Franklin DynaTech Fund Q3 2024 Commentary Global equities ended the third quarter collectively higher as they recovered from bouts of volatility, some of which was stoked by US recession concerns."
37,2024-11-21,"Tracking Akre Capital Management Portfolio - Q3 2024 Update Read here for the latest updates on Akre Capital Managements 13F portfolio, with major holdings and significant stake changes in top companies."
38,2024-11-22,"Genedata: Powering Biopharma AI In the age of AI and machine learning, data is more valuable than ever before. However, biopharma companies often lack the high-quality, structured data needed to power advanced models to generate..."
39,2024-11-23,"Danaher Corp (NYSE:DHR): A Bullish Investment Perspective We came across a bullish thesis on Danaher Corp (DHR) on ValueInvestorsClub by valueinvestor03. In this article, we will summarize the bulls’ thesis on DHR. DHR’s stock was trading at $250 when this thesis was published, vs. a closing price of $230.84 on November 19. DHR is a diversified life sciences company with immense growth and evolution, […]"
40,2024-11-23,"Danaher Corp. stock rises Friday, still underperforms market Danaher Corp. stock rises Friday, still underperforms market"
41,2024-11-24,"Franklin U.S. Focused Growth SMA Q3 2024 Commentary Franklin U.S. Focused Growth SMA strategy posted absolute gains in 6 out of 9 equity sector allocations during 3Q24, but it underperformed Russell 1000 Growth Index."
42,2024-11-25,Tracking Al Gores Generation Investment Management Portfolio - Q3 2024 Update Generation Investment Managements 13F portfolio value increased to $21.41B. Read more to see the portfolios full Q3 2024 update.
43,2024-11-26,Veralto: Premium Multiples For A Premium Business Veraltos premium valuation is justified by its accelerating organic growth and strategic investments. Learn why VLTO stock is a Hold.
44,2024-11-26,"Danaher Corp. stock rises Monday, outperforms market Danaher Corp. stock rises Monday, outperforms market"
45,2024-11-26,"Invesco Health Care Fund Q3 2024 Commentary Invesco Health Care Fund underperformed its benchmark. Despite earlier signs of improving trends, our health care outlook is bearish. Read more here."
46,2024-11-27,"Illinois Tool Works: Customer-Back Innovation And Improving Macros To Drive Upside Illinois Tool Works is poised for growth with innovative strategies and a positive margin outlook, offering a potential 11-12% return. Learn more on ITW stock here."
47,2024-11-27,"Invesco Main Street Fund Q3 2024 Commentary Underperformance mainly resulted from stock selection in the consumer discretionary, financials and industrials sectors."
48,2024-11-27,"Danaher to Present at Evercore ISI HealthCONx Conference Danaher Corporation (NYSE: DHR) announced that President and Chief Executive Officer, Rainer M. Blair, will be presenting at the Evercore ISI HealthCONx Conference in Coral Gables, Florida on Wednesday, December 4, 2024 at 3:25 p.m. ET. The event will be simultaneously webcast on www.danaher.com."
49,2024-11-29,"Harding Loevner Global Equity ADR Q3 2024 Report The Global Equity ADR composite rose 5.3% gross of fees in the third quarter of 2024, trailing the 6.7% gain in the MSCI ACWI Index. Click here to read the full commentary. "
50,2024-11-30,"ESAB Can Continue To Outperform ESAB Corporations stock has risen over 35%, driven by improving growth outlook, strong execution, and potential M&As."
51,2024-12-03,"Harding Loevner Global Developed Markets Equity Q3 2024 Report Global markets advanced during the third quarter of 2024, with all regions posting gains. Click here to read the full commentary."
52,2024-12-03,"Tracking Dan Loebs Third Point Portfolio - Q3 2024 Update Read here for an update on Dan Loebs Third Point 13F portfolio changes, including new stakes, disposals, and major stake increases and decreases."
53,2024-12-04,"Danaher : How we’re supporting the Human Immunome Project The immune system is the nexus of human health. This complex and dynamic system is essential in protecting us from disease, promoting healing, and maintaining overall well-being throughout our lives...."
54,2024-12-05,BNY Mellon Dynamic Value Fund Q3 2024 Commentary BNY Mellon Dynamic Value Fund (Class A at NAV) returned 8.96% during the third quarter of 2024. Read more here.
55,2024-12-05,"Danaher Corporation (DHR) Annual Evercore ISI HealthCONx Healthcare Conference (Transcript) Danaher Corporation (NYSE:DHR) Annual Evercore ISI HealthCONx Healthcare Conference December 4, 2024 3:25 PM ETCompany ParticipantsRainer Blair - President..."
56,2024-12-06,"Unicorn AIM VCT cautiously optimistic despite some headwinds Unicorn AIM VCT PLC on Friday said its net asset value declined over the course of its financial year, despite perking up from where it stood at the end of the first-half. Net asset value per share..."
57,2024-12-10,"Danaher: A Resilient And Solid Company With Growth Potential Danaher thrives on strategic growth acquisitions, boasting high earnings margins and low liabilities-to-assets ratio for a promising financial future. Read more here."
58,2024-12-10,Danaher : Top five takeaways from the 2024 Danaher Summit Some of AIs most profound insights in life science and medicine are due to its ability to work across multiple dimensions at the same time. We can now layer many different kinds of data on top of one...
59,2024-12-10,Heres Why You Should Avoid Investing in Danaher Stock Right Now DHR experiences weakness in its operations due to softness in the Life Sciences segment. Rising expenses are added concerns.
60,2024-12-10,"Thermo Fisher Scientific: Renewed Growth Momentum After The Pandemic Thermo Fisher Scientifics valuation multiples offer potential capital appreciation. Learn why TMO stock is a Buy, with growth drivers in 2025 and beyond."
61,2024-12-11,"Here’s Why Parnassus Growth Equity Fund Sold Danaher Corp. (DHR) Parnassus Investments, an investment management company, released the “Parnassus Growth Equity Fund” third quarter 2024 investor letter. A copy of the letter can be downloaded here. In the third quarter, the Fund (Investor Shares) returned 3.29% (net of fees) outperforming the Russell 1000 Growth Index’s 3.19% gain. Stock selection in the Health Care sector primarily […]"
62,2024-12-11,"Danaher Announces Quarterly Dividend Danaher Corporation (NYSE: DHR) announced today that its Board of Directors has approved a regular quarterly cash dividend of $0.27 per share of its common stock, payable on January 31, 2025 to holders of record on December 27, 2024."
63,2024-12-12,"Danaher Corp. stock rises Wednesday, still underperforms market Danaher Corp. stock rises Wednesday, still underperforms market"
64,2024-12-14,"Best Way To Invest $100,000: Build An 8-Stock Portfolio For Growth And Value Learn how to maximize returns by focusing on high-conviction stocks across diverse sectors and using proven investment strategies."
65,2024-12-14,"Despite Higher Valuations, Some Life Sciences Tools Stocks Create Good Opportunities: Analyst BofA Securities reports that the Life Sciences Tools sector struggled in fiscal year 2024. Spending by pharmaceutical and biotech companies dropped after pandemic-related overspending, and demand in China stayed weak. This led some Life Sciences companies to lower their already-conservative fiscal year revenue forecasts as the year progressed. For most of fiscal year 2024, Life Sciences company valuations remained higher than pre-COVID levels but declined after the U.S. elections. Looking ahead"
66,2024-12-16,"Why Danaher Corporation (DHR) Is the Best Stock to Buy for the Long-Term According to Charles Akre? We recently published a list of 10 Best Stocks to Buy for the Long-Term According to Charles Akre. In this article, we are going to take a look at where Danaher Corporation (NYSE:DHR) stands against other best stocks to buy for the long-term according to Charles Akre. “Above-average returns at below-average risk” is the mantra […]"
67,2024-12-18,Hartford Global Impact Fund Q3 2024 Commentary The Hartford Global Impact Fund (I share) outperformed the MSCI ACWI Index during the quarter. Read more here.
68,2024-12-19,Danaher Corp. stock outperforms market despite losses on the day Danaher Corp. stock outperforms market despite losses on the day
69,2024-12-21,"Cramer Criticizes Danaher (DHR) for Lackluster Performance and Unimpressive Guidance We recently published a list of 14 Stocks That Jim Cramer Recently Talked About. In this article, we are going to take a look at where Danaher Corporation (NYSE:DHR) stands against other stocks that Jim Cramer recently talked about. In his latest appearance on CNBC’s Squawk on the Street, Jim Cramer continued to talk about […]"
70,2024-12-22,"Dividend Champion, Contender, And Challenger Highlights: Week Of December 22 A weekly summary of dividend activity for Dividend Champions, Contenders, and Challengers. Companies which changed their dividends."
71,2024-12-23,Hartford Healthcare Fund Q3 2024 Commentary The Hartford Healthcare Fund (I Share) underperformed the S&P Composite 1500 Health Care Index during the quarter. Read more here.
72,2024-12-24,"Danaher Corp. stock rises Monday, still underperforms market Danaher Corp. stock rises Monday, still underperforms market"
73,2024-12-24,"Jim Cramer Reports That Danaher Corporation (DHR)’s China Core Revenue Dropped By A ‘High-single-digit’ Percent In Q3 We recently compiled a list of the Jim Cramer Latest Stocks: 23 Stocks He Just Talked About. In this article, we are going to take a look at where Danaher Corporation (NYSE:DHR) stands against the other stocks Jim Cramer recently talked about. With the Federal Reserve’s December meeting over, Wall Street has now shifted into a […]"
74,2024-12-25,"Keepin It Contrarian: Moat Index Adds Health Care, Reduces Tech The MorningstarÂ® Wide Moat Focus IndexSM underwent its quarterly review on December 20, 2024. 13 companies rotated in and out of the Moat Index during its December quarterly rebalance."
75,2024-12-29,"Jim Cramer on Danaher Corporation (DHR): ‘We Stuck With Danaher Because We Have Tremendous Respect For The Company’ We recently compiled a list of the 8 Stocks on Jim Cramer’s Radar. In this article, we are going to take a look at where Danaher Corporation (NYSE:DHR) stands against the other stocks. Jim Cramer, the host of Mad Money, recently shared some investment guidelines based on his 40 years of experience. As we previously discussed […]"
76,2025-01-03,"Danaher price target lowered to $268 from $278 at Evercore ISI Evercore ISI lowered the firm’s price target on Danaher (DHR) to $268 from $278 and keeps an Outperform rating on the shares. In the firm’s 2025 outlook note for MedTech, Life Science Tools and Diagnostics, the analyst argues that FY25 guides from the life science tools group are likely to be conservative on China and Pharma, while in MedTech the firm contends that “healthy” utilization trends and a margin expansion thesis support the group. Published first on TheFly – the ultimate source for re"
77,2025-01-03,"Danaher Schedules Fourth Quarter 2024 Earnings Conference Call Danaher Corporation (NYSE: DHR) announced that it will webcast its quarterly earnings conference call for the fourth quarter 2024 on Wednesday, January 29, 2025 beginning at 8:00 a.m. ET and lasting approximately one hour. During the call, the company will discuss its financial performance, as well as future expectations."
78,2025-01-04,Will Danaher (DHR) Beat Estimates Again in Its Next Earnings Report? Danaher (DHR) has an impressive earnings surprise history and currently possesses the right combination of the two key ingredients for a likely beat in its next quarterly report.
79,2025-01-06,"Danaher: A Wide-Moat Gem I Cannot Buy Enough Of Discover why Danaher is a strong investment choice with its wide moat business model, M&A strategy, and growth potential for total return investors."
80,2025-01-07,"Danaher price target lowered to $285 from $305 at Citi Citi analyst Patrick Donnelly lowered the firm’s price target on Danaher (DHR) to $285 from $305 and keeps a Buy rating on the shares. Outside of the preannouncements and guidance updates from life science tools and diagnostics names in January, Citi expects key themes to include the cadence and magnitude of the expected recoveries in areas such as China and bioprocessing, the rollout of the China stimulus program, trends within the instrumentation replacement cycle, general biopharma health and"
81,2025-01-07,"Danaher to Present at J.P. Morgan Healthcare Conference Danaher Corporation (NYSE: DHR) announced that its President and Chief Executive Officer, Rainer M. Blair, will be presenting at the J.P. Morgan Healthcare Conference in San Francisco, California on Tuesday, January 14, 2025 at 11:15 a.m. PT. The event will be simultaneously webcast and can be accessed on the Investors section of Danahers website, www.danaher.com, under the subheading Events & Presentations."
82,2025-01-08,CURE: Analyst Estimates Point To Significant Gains In 2025 The Direxion Daily Healthcare Bull 3X Shares ETF seeks to deliver 300% (3x) of the return of an index focused on large-cap US healthcare stocks.
83,2025-01-08,"Danaher Corp. stock rises Tuesday, outperforms market Danaher Corp. stock rises Tuesday, outperforms market"
84,2025-01-10,"Danaher Announces Investment Partnership in Innovaccer Inc. Danaher Diagnostics LLC and Danaher Ventures LLC, two subsidiaries of Danaher Corporation (NYSE: DHR) (Danaher), a global science and technology innovator, announced today that they have formed an investment partnership with Innovaccer Inc., a leading healthcare artificial intelligence (AI) company."
85,2025-01-13,"Dividend Growth Investing: The Strategy That Always Wins Learn how dividend investing can provide stability, growth, and inflation protection in uncertain markets, leading to lasting financial success."
86,2025-01-13,"Using SAs Stock Screener: Sell 6 Overvalued Blue Chips, With Stagnating Growth Seeking Alpha identifies 6 blue-chip stocks with high valuations and limited growth. Learn why Costco, EstÃ©e Lauder, and others may disappoint in 2025."
87,2025-01-14,"Franklin DynaTech Fund Q4 2024 Commentary As a result of stock selection and allocation decisions, the fund underperformed its benchmark as seven out of 11 equity sectors detracted. Read more here."
88,2025-01-14,"Mawer Investment Management Q4 2024 Quarterly Update Global central banks continued to ease this quarter, though the pace of easing varied. Click here to read the full commentary. "
89,2025-01-14,"Danaher : Supplemental Information Update on the 4th Quarter 2024 Q4 core revenue expected to be essentially flat, exceeding our expectations Bioprocessing performance in line with..."
90,2025-01-14,"Danaher CEO to Comment on Financial Performance WASHINGTON, Jan. 13, 2025 /PRNewswire/ -- Danaher Corporation announced that its President and Chief Executive Officer, Rainer M. Blair, will comment tomorrow on the Companys fourth quarter 2024..."
91,2025-01-15,"Beckman Coulter Introduces Cutting-Edge Research Use Only Assays for Neurodegenerative Disease Research New, Fully Automated, High-Throughput RUO Assays offered on Beckman Coulter Immunoassay Analyzers BREA, Calif., Jan. 15, 2025 /PRNewswire/ -- Beckman Coulter Diagnostics, a global leader in..."
92,2025-01-15,"Danaher Corporation: Question Mark Behind The Moat And Probably Overvalued Financial writer analyzes Danaher Corporations mixed performance, growth potential, economic moat, and current overvaluation as a Hold stock."
93,2025-01-15,"Danaher Corporation (DHR) 43rd Annual J.P. Morgan Healthcare Conference (Transcript) Danaher Corporation (NYSE:DHR) 43rd Annual J.P. Morgan Healthcare Conference January 14, 2024 2:15 PM ETCompany ParticipantsRainer Blair - President and..."
94,2025-01-16,Akre Focus Fund Q4 2024 Commentary The Akre Focus Fundâs fourth quarter 2024 performance for the Institutional share class wasÂ -0.41% compared with S&P 500 Total Return at 2.41%. Read more here.
95,2025-01-16,"Danaher: Transition Year Recap Danaher executed a $4.5 billion share buyback, with an additional 20 million shares authorized. Learn why I remain bullish on DHR stock."
96,2025-01-20,IYH: Healthcare Dashboard For January iShares U.S. Healthcare ETF has higher fees and lower performance. See why IYH is a top choice and learn about 10 cheaper healthcare stocks this January.
97,2025-01-21,"Aldevron Unveils Next-Generation Alchemy™ Cell-Free DNA Technology for Research Grade Applications Aldevron, a global leader in the production of DNA, RNA and protein, has launched its latest innovation, Alchemy™ cell-free DNA technology. This revolutionary technology represents a significant..."
98,2025-01-22,"Baron Health Care Fund Q4 2024 Shareholder Letter Baron Health Care Fund retreated in the fourth quarter of 2024, in line with its benchmark, the Russell 3000 Health Care Index. Read more here."
99,2025-01-23,This Healthcare Stock Might Just Be RFK Jr. Proof This Healthcare Stock Might Just Be RFK Jr. Proof
100,2025-01-24,NZS Capital Q4 2024 Shareholder Letter The NZS Growth Equity strategy declined 1.09% in the fourth quarter of 2024 and returned 21.25% for the full year.
