1,Enphase Energy to Post Q3 Earnings: Whats in Store for the Stock? ENPHs Q3 results are expected to reflect dismal top-line performance due to continued weak demand in the United States and Europe. Restructuring and impairment charges might have hurt earnings.
2,"Is Enphase Energy, Inc. (ENPH) the Best High Growth Lithium Stock to Invest In? We recently compiled a list of 10 High Growth Lithium Stocks to Invest In. In this article, we will look at where Enphase Energy, Inc. (NASDAQ:ENPH) ranks among high growth lithium stocks to invest in. Lithium Prices Drop but Demand Signals Long-Term Gains Rio Tinto announced its acquisition of U.S.-based Arcadium for $6.7 billion, positioning […]"
3,"Heres Why Enphase Energy (ENPH) Gained But Lagged the Market Today Enphase Energy (ENPH) reachead $91.64 at the closing of the latest trading day, reflecting a +0.08% change compared to its last close."
4,SMA Solar Technology: Market Overreaction Signals Undervalued Opportunity SMA Solars market price is at a discount compared to the companys fundamental and prospective valuations. Explore more details here.
5,"Enphase reports weaker quarter, and this time its U.S. business is not the problem Enphase reports weaker quarter, and this time its U.S. business is not the problem"
6,Tuesdays Earnings Slate Tuesdays Earnings Slate
7,"Enphase Energy (ENPH) Misses Q3 Earnings and Revenue Estimates Enphase Energy (ENPH) delivered earnings and revenue surprises of -16.67% and 2.59%, respectively, for the quarter ended September 2024. Do the numbers hold clues to what lies ahead for the stock?"
8,"Enphase (NASDAQ:ENPH) Reports Sales Below Analyst Estimates In Q3 Earnings, Stock Drops Home energy technology company Enphase (NASDAQ:ENPH) missed Wall Street’s revenue expectations in Q3 CY2024, with sales falling 30.9% year on year to $380.9 million. Next quarter’s revenue guidance of $380 million underwhelmed, coming in 12.7% below analysts’ estimates. Its non-GAAP profit of $0.65 per share was also 16.8% below analysts’ consensus estimates."
9,"McDonalds stock slips, Starbucks dips, and other movers McDonalds stock slips, Starbucks dips, and other movers"
10,"Enphase Energy Reports Financial Results for the Third Quarter of 2024 FREMONT, Calif., Oct. 22, 2024 (GLOBE NEWSWIRE) -- Enphase Energy, Inc. (NASDAQ: ENPH), a global energy technology company and the world’s leading supplier of microinverter-based solar and battery systems, announced today financial results for the third quarter of 2024, which included the summary below from its President and CEO, Badri Kothandaraman. We reported quarterly revenue of $380.9 million in the third quarter of 2024, along with 48.1% for non-GAAP gross margin. We shipped 1,731,768 micr"
11,"Enphase Q3 Recap: This Time, America Is Not The Problem (Rating Downgrade) Enphases underwhelming Q3 report reflects challenges in European markets and caution for near-term growth, prompting a reduced price target. See more here."
12,"Enphase Stock Dives After Earnings—and Takes Sunrun, SolarEdge With It Enphase Stock Dives After Earnings—and Takes Sunrun, SolarEdge With It"
13,Wall Street Lunch: Boeing Loses $6 Billion Is all the bad news priced in now for Boeing? (Stocks slump on chip weakness. Nvidia mea culpa.
14,"Enphase Energy Sales Plunge on Weak European Demand Enphase Energy was the biggest decliner in the S&P 500 Wednesday, a day after missing third-quarter profit and sales forecasts as demand in Europe slumped."
15,"SolarEdge: Core European Market Continues To Deteriorate - Strong Sell (Downgrade) SolarEdge Technologies, Inc.s upcoming Q3 report is likely to be a very negative catalyst. Click here to find out why SEDG stock is rated as a strong sell."
16,"Top Stock Movers Now: Enphase Energy, AT&T, Coca-Cola, and More U.S. equities lost ground at midday after several companies reported weaker-than-expected results and bond yields continued to rise."
17,"Social Buzz: Wallstreetbets Stocks Mostly Lower Premarket Wednesday; Enphase Energy, McDonalds to Decline Social Buzz: Wallstreetbets Stocks Mostly Lower Premarket Wednesday; Enphase Energy, McDonalds to Decline"
18,"Enphase Stock Dives After Earnings Miss. Sunrun, SolarEdge Hit as Sector Struggles. While the companys revenue in the U.S. increased from the previous quarter, it was hit by a decrease in Europe."
19,"Enphase Energy posts Q3 miss, disappointing Q4 guidance Solar micro-inverter developer Enphase Energy (ENPH) flopped on its third quarter earnings, missing on its top and bottom lines while disappointing investors with its fourth quarter forecast. Shares of the solar stock have fallen by over 15% on Wednesday. Market Domination co-hosts Julie Hyman and Josh Lipton report on analyst ratings and commentary on the solar stock following these results. To watch more expert insights and analysis on the latest market action, check out more Market Domination here. This post was written by Luke Carberry Mogan."
20,"Enphase Energy price target lowered to $110 from $150 at Northland Northland lowered the firm’s price target on Enphase Energy (ENPH) to $110 from $150 and keeps an Outperform rating on the shares. The firm reset its estimates on lower demand in Europe, but notes that the risk to its estimates is that European demand will not stabilize in 2025 and excess competitive inventory will take longer to clear. The firm is modeling a continuing recovery in the U.S. as new products and the need for self-generation drive demand, the analyst noted. Published first on TheFl"
21,"Enphase: Light Can Be Seen In The Tunnel Enphase shows resilience in challenging conditions with strong cash flow and market potential for growth, making it a buy according to analysis. Explore more here."
22,Why have solar stocks have been so volatile? One reason: The specter of  a Republican victory in November. The Invesco Solar ETF (TAN) is down 28% since the start of 2024 amid a difficult year for solar. Investors are worried about the election and interest rates.
23,"Jim Cramer on Enphase Energy, Inc. (ENPH): ‘I Don’t Want You To Sell It All The Way Down Here’ We recently compiled a list of the Jim Cramer on Tesla and Other Stocks. In this article, we are going to take a look at where Enphase Energy, Inc. (NASDAQ:ENPH) stands against the other stocks Jim Cramer is talking about. Jim Cramer, host of Mad Money, emphasized the ongoing significance of fossil fuels in supporting technological […]"
24,"First Solar: Solid Growth Amid Election Fears - A Long-Term Buy First Solars strong performance, driven by increased module sales and favorable policies, underscores its growth potential. See why FSLR stock is a Buy now."
25,"Enphase Energy price target lowered to $129 from $144 at Seaport Research Seaport Research lowered the firm’s price target on Enphase Energy (ENPH) to $129 from $144 and keeps a Buy rating on the shares. The company provided a surprisingly negative update on Europe, which the firm believes is due to the company struggling to navigate some of the regulatory/economic challenges for its core market trio and its inability to ramp new products/territory fast enough elsewhere to compensate, the analyst tells investors. The firm maintains its Buy rating on the stock, believi"
26,"First Solars Q3 Earnings Miss Estimates, 24 Sales View Revised FSLRs third-quarter earnings and revenues miss the Zacks Consensus Estimate by 6.1% and 17%, respectively."
27,Generac Earnings: What To Look For From GNRC Power generation products company Generac (NYSE:GNRC) will be reporting results tomorrow before market hours. Here’s what investors should know.
28,"These are the S&P 500’s biggest laggards for October, down by as much as 29% Super Micro joined the list after a 33% drop on Wednesday."
29,"Enphase Energy: Disappointing, But Not As Bad As It Seems Enphase Energy continues to focus on its business fundamentals, working with installers, expanding to new geographies and launching new products. Read more about recent earnings."
30,"Enphase Energy, Inc. (ENPH): Worst-Performing Growth Stock in 2024 We recently compiled a list of the 10 Worst-Performing Growth Stocks in 2024. In this article, we are going to take a look at where Enphase Energy, Inc. (NASDAQ:ENPH) stands against the other Worst-Performing Growth Stock in 2024. Economic Growth and Market Resilience Economists anticipate modest US economic growth in the upcoming quarters, and some continue to […]"
31,"Enphase Energy Launches New Home Energy Systems in Romania with IQ Battery 5P and IQ8 Microinverters FREMONT, Calif., Nov. 04, 2024 (GLOBE NEWSWIRE) -- Enphase Energy, Inc. (NASDAQ: ENPH), a global energy technology company and the worlds leading supplier of microinverter-based solar and battery systems, today announced the launch of its most powerful Enphase® Energy System to-date, featuring the new IQ® Battery 5P and IQ8™ Microinverters, for customers in Romania. The new Enphase Energy System with the IQ Battery 5P offers a significantly improved experience for homeowners and installers. It"
32,"US Stocks That May Be Priced Below Intrinsic Value In November 2024 As the U.S. stock market experiences slight upticks in futures amid anticipation of the presidential election and Federal Reserves interest rate decision, investors are keenly observing potential shifts in major indices like the Dow Jones and S&P 500. In this context, identifying stocks that may be priced below their intrinsic value becomes crucial for those looking to capitalize on potential market inefficiencies amidst current economic uncertainties."
33,Clean-Energy Stocks Rally as Poll Raises Hope for Harris Win First Solar shares jumped on Monday morning. They also rallied after the Harris-Trump debate in September.
34,"Premarket movers: DJT, MicroStrategy, Tesla surge while renewable stocks slump Premarket movers: DJT, MicroStrategy, Tesla surge while renewable stocks slump"
35,Renewable-energy stocks tank after Trump wins White House Renewable-energy stocks tank after Trump wins White House
36,"Why Trumps Victory Is So Dangerous for Clean-Energy Companies Clean-energy stocks are getting battered.  Investors are worried Donald Trump could try to repeal a key climate law and impose high tariffs on Chinese goods, pushing up costs across the board.  Solar-panel maker First Solar, one of the biggest winners from the 2022 law, the Inflation Reduction Act, fell about 19% in morning trading."
37,Sharp drops in solar stocks translate to sizable paper gains for short sellers Sharp drops in solar stocks translate to sizable paper gains for short sellers
38,Now Is an Opportune Time To Consider Enphase Stock The company is reasonably and sustainably valued prior to 2025s solar power upcycle commencing
39,"SolarEdge Technologies Q3 Loss Wider Than Expected, Revenues Decline Y/Y SEDG reports a wider-than-expected third-quarter loss. Revenues decline 64% year over year."
40,SolarEdge Earnings Add Injury to Trump Insult. Why the Stock Is Falling Again. SolarEdge Earnings Add Injury to Trump Insult. Why the Stock Is Falling Again.
41,"SolarEdge Technologies: Weak Quarter, Disappointing Outlook - Sell SolarEdge Technologies reported another set of disappointing quarterly results. Find out why SEDG stock is a Sell."
42,"Trump win fuels stock rally: Nasdaq up 400 points, gold plunges Yahoo Finance Anchor Rachelle Akuffo breaks down the top market stories of the day. All major indexes are in the green as investors react positively to the results of the US presidential election. The Nasdaq Composite (^IXIC) is up a notable 400 points today. The race for control of the House of Representatives remains in focus. The Democrats have won 181 seats while the Republicans have 199 seats, with 55 seats yet to be called. However, the Republicans have secured a majority in the Senate. Meanwhile, gold (GC=F) prices are falling as investors shift away from the traditional safe-haven asset and embrace the Trump trade instead. Stocks in the green energy sector that were previously buoyed by the prospect of a Democratic victory are now plummeting in the wake of Trumps win. Another stock in the spotlight is Meta Platforms (META) as the Supreme Court is set to hear an appeal from the tech giant regarding a securities fraud lawsuit today. To watch more expert insights and analysis on the latest market action, check out more Wealth here. This post was written by Angel Smith"
43,Sunrun Earnings Reveal 2 Silver Linings for Battered Solar Stocks Sunrun Earnings Reveal 2 Silver Linings for Battered Solar Stocks
44,Enphase to lay off workers and end some operations in Mexico Enphase to lay off workers and end some operations in Mexico
45,"Enphase Energy to lay off 17% of workforce, take up to $20 million in charges -Enphase Energy will cut its global workforce by about 17%, impacting about 500 employees and contractors, it said on Friday, as the solar inverter maker streamlines operations amid slowing..."
46,"Enphase Energy to lay off 17% of workforce Enphase will also streamline its operations by focusing contract manufacturing in four existing locations – two in the United States, one in India and one in China.  The company will cease its contract manufacturing operations in Guadalajara, Mexico, it added."
47,"Pomerantz Law Firm Investigates Claims On Behalf of Investors of Enphase Energy, Inc. - ENPH NEW YORK, Nov. 10, 2024 /PRNewswire/ -- Pomerantz LLP is investigating claims on behalf of investors of  Enphase Energy, Inc.  . Such investors are advised to contact Danielle Peyton at..."
48,"Enphase Energy Unveils AI-Powered DIY Permitting Feature for Solargraf, Slashing Solar Permit Plan Creation Times by up to 95% FREMONT, Calif., Nov. 11, 2024 (GLOBE NEWSWIRE) -- Enphase Energy, Inc. (NASDAQ: ENPH), a global energy technology company and the worlds leading supplier of microinverter-based solar and battery systems, announced today a new do-it-yourself (DIY) permit plan feature on Solargraf®, its cloud-based design, proposal, and permitting software platform for solar installers in the United States. The DIY permitting feature uses artificial intelligence and machine learning to automate the complex solar"
49,"Is Enphase Energy, Inc. (ENPH) Best Alternative Energy Stock To Buy According to Hedge Funds? We recently published a list of 10 Best Alternative Energy Stocks To Buy According to Hedge Funds. In this article, we are going to take a look at where Enphase Energy, Inc. (NASDAQ:ENPH) stands against other best alternative energy stocks to buy according to hedge funds. Tyler Rosenlicht, Head of Natural Resource Equities at Cohen […]"
50,"Enphase Unveils AI-Powered DIY Solar Permits: Details Enphase Energy, Inc. (NASDAQ:ENPH) introduced a new DIY permit plan feature on its Solargraf platform. This feature automates the complex permitting process for solar and battery installations using AI and machine learning, reducing permit preparation time by up to 95% for U.S. installers. The new DIY permit plan feature makes Solargraf a complete end-to-end platform for solar and battery system design, proposals, and permitting. This tool helps installers improve productivity and reduce costs b"
51,"Trump likely to roll back but not dismantle Bidens clean energy spending President-elect Trump has previously slammed Bidens signature Inflation Reduction Act. But pressure from GOP lawmakers, whose districts have benefited from clean energy investments, suggests the law is more likely to be stripped down than repealed."
52,"Enphase Energy Announces Safe Harbor Agreement with IGS Solar to Expand Deployments of IQ8 Microinverters Produced in the United States IGS Solar partners with leading solar installers like Venture Solar, Momentum Solar, and Ecohouse Solar to earn Domestic Content Bonus CreditFREMONT, Calif., Nov. 13, 2024 (GLOBE NEWSWIRE) -- Enphase Energy, Inc. (NASDAQ: ENPH), a global energy technology company and the worlds leading supplier of microinverter-based solar and battery systems, today announced a safe harbor agreement with IGS Solar, a top solar finance company, to help expand deployments of Enphase’s IQ8™ Microinverters supplied"
53,"Solar Leader Enphase Energy Cutting 500 Jobs California-based Enphase Energy, a company known for its solar power and electric vehicle (EV) charging technology, announced it is laying off about 500 workers. The company in a Nov. 8 […]"
54,The Trump Trade Is Putting Clean Energy Stocks On Sale The AI revolutions massive energy demands create additional growth opportunities for clean energy technologies. Click here for a detailed analysis.
55,Trumps Election Caused a Sell-Off in Clean Energy Stocks. But Is It an Opportunity for These 2 Industry Leaders? Trumps election has caused renewable and electric vehicle (EV) stocks to crash. But these industry leaders could be bargains.
56,"Enphase Energys Software Now Offers AI Upgrade: Time to Buy the Stock? Investors interested in solar stocks should refrain from buying ENPH stock right now, considering its premium valuation. However, those who own it may continue to do so."
57,Enphase Stock Has Plunged Since Trump’s Win. The Case for Buying Now. Solar-tech firm Enphase Energy is the second-worst performer in the S&P 500 since the election. The stock could shine again.
58,"Enphase Energy Powers Up with US-Made IQ Batteries: Unlocking Bonus Tax Credits Enphase Energy, Inc. (NASDAQ:ENPH), a microinverter-based solar and battery system supplier, announced its first shipments of the U.S.-produced IQ Battery 5Ps. These new units are expected to help solar projects qualify for the Domestic Content Bonus Credit, a tax incentive under the Inflation Reduction Act (IRA) designed to boost domestic manufacturing and promote clean energy. The bonus credit targets commercial asset owners, including businesses installing solar systems and PPA/lease provider"
59,Tactile Systems and Ares have been highlighted as Zacks Bull and Bear of the Day Tactile Systems and Ares have been highlighted as Zacks Bull and Bear of the Day.
60,"Is Enphase Energy, Inc. (ENPH) the Most Profitable Renewable Energy Stock Now? We recently published a list of 10 Most Profitable Renewable Energy Stocks Now. In this article, we are going to take a look at where Enphase Energy, Inc. (NASDAQ:ENPH) stands against other most profitable renewable energy stocks. In an interview with CNBC on November 9, John Berger, CEO of Sunnova stated that the market is […]"
61,"Emerens Q3 Earnings In Line With Estimates, Revenues Fall Y/Y SOLs third-quarter earnings align with the Zacks Consensus Estimate. However, the quarterly revenues miss the consensus estimate by 51%."
62,Enphase Energy: Risks Already Priced In Enphase Energys Q3 results missed both top and bottom lines but contain some bright spots. Find out why ENPH stock is a Buy.
63,"Do Redditors Think That Enphase Energy Inc. (ENPH) Has a Big Upside Potential? We recently compiled a list of the 11 Reddit Stocks with Biggest Upside Potential. In this article, we are going to take a look at where Enphase Energy Inc. (NASDAQ:ENPH) stands against the other Redditor-approved stocks. Paul Hickey, Bespoke co-founder, together with Dana D’Auria, Envestnet co-chief Investment Officer, joined CNBC’s ‘Closing Bell: Overtime’ on November 12 […]"
64,Why Is Enphase Energy (ENPH) Down 19.2% Since Last Earnings Report? Enphase Energy (ENPH) reported earnings 30 days ago. Whats next for the stock? We take a look at earnings estimates for some clues.
65,Wall Street Breakfast Podcast: Gold Sinks Dow outshined Nasdaq and benchmark S&P 500. Gold sinks by most in 4 years.
66,"TAN: A So Bad, Its Good Play, Undervalued, Bullish Technicals Emerge (Rating Upgrade) Seasonal trends are bullish from December through February. See why TAN is upgraded from hold to buy due to undervaluation and bullish technical indicators."
67,"Enphase Energy: Nothing Is Over Enphase Energy faces profitability challenges and high valuation. Read why ENPH stock is overvalued and is a strong sell, with a fair price target of $56.7."
68,"Enphase Energy Unveils IQ PowerPack in the United States and Canada ENPH unveils its IQ PowerPack 1500, a portable energy system, which is now available for pre-order in the United States and Canada."
69,What Moved Markets This Week Stay informed with the latest financial news in this Wall Street Breakfast podcast.
70,Capital Allocation Trends At Enphase Energy (NASDAQ:ENPH) Arent Ideal Did you know there are some financial metrics that can provide clues of a potential multi-bagger? In a perfect world...
71,"Enphase Energy Unveils Busbar Power Control to Significantly Reduce Main Electrical Panel Upgrades An Enphase innovation to simplify solar installations and boost savingsFREMONT, Calif., Dec. 03, 2024 (GLOBE NEWSWIRE) -- Enphase Energy, Inc. (NASDAQ: ENPH), a global energy technology company and the worlds leading supplier of microinverter-based solar and battery systems, today announced the launch of Busbar Power Control software, an innovative addition to its Power Control™ software. This software empowers homeowners to install larger solar and battery systems without costly main electrica"
72,SolarEdge: Solar Demand May Not Recover This Decade SolarEdge Technologies saw a sharp decline due to inventory write-downs and layoffs. Read why SEDG stock might offer potential upside if macro headwinds ease.
73,S&P 500 Rises 5.7% In November To Log Best Month Of 2024 The S&P 500 posted its best one-month performance in November as a post-election stock bump lifted markets broadly. Click to read.
74,"Biggest Winners And Losers Since The Election Of the 13 biggest stock winners, most of them were already big winners leading up to the election, and all but four are currently up over 40% YTD. Click to read."
75,CSIQ or ENPH: Which Is the Better Value Stock Right Now? CSIQ vs. ENPH: Which Stock Is the Better Value Option?
76,"Enphase Energy Announces Collaboration with Frank Energie in the Netherlands FREMONT, Calif., Dec. 05, 2024 (GLOBE NEWSWIRE) -- Enphase Energy, Inc. (NASDAQ: ENPH), a global energy technology company and the worlds leading supplier of microinverter-based solar and battery systems, announced today a collaboration with Frank Energie, an energy provider in the Netherlands. This strategic relationship will enable Frank Energie customers with Enphase solar and battery systems to participate in the grid imbalance energy marketplace in the Netherlands, which can help maximize"
77,"Canadian Solar Q3 Earnings Surpass Estimates, Revenues Fall Y/Y CSIQ reported third-quarter revenues of $1.51 billion, which lagged the Zacks Consensus Estimate by 10.7%. The top line also declined 18.3% from the year-ago quarters level."
78,"Why Enphase Energy (ENPH) Is Among the Best Wind Power and Solar Stocks to Invest in Now We recently published a list of 10 Best Wind Power and Solar Stocks To Invest In Now. In this article, we are going to take a look at where Enphase Energy, Inc. (NASDAQ:ENPH) stands against other best wind power and stocks to invest in now. According to a report by the World Economic Forum published […]"
79,"Project $1M: End Of A Journey With Mission Accomplished After 9 years, the Project $1M portfolio has achieved its objective, outperformed S&P 500 by nearly 3% annualized. Read more to see the full portfolio update."
80,"Enphase Energy Teams With NextEnergy To Maximize Solar Savings In The Netherlands Enphase Energy, Inc. (NASDAQ:ENPH), a microinverter-based solar and battery system supplier, has partnered with NextEnergy in the Netherlands. This collaboration allows NextEnergy customers using Enphase solar and battery systems to engage in the Netherlands’ grid imbalance energy market, boosting their return on investment and shortening the system payback period. Enphase launched its IQ Battery 5P and Energy Management software in the Netherlands, allowing homeowners to optimize energy savings"
81,"Tax-Loss Stocks To Sell Before Everyone Else Does Prepare for tax-loss selling at year-end by considering selling underperforming stocks like Celanese, Walgreens, and Intel. Explore more details here."
82,Sector Update: Energy Stocks Rise in Monday Afternoon Trading Energy stocks climbed Monday afternoon with the NYSE Energy Sector Index rising 1.1% and the Energy
83,Equities Fall Intraday as Traders Await Official Inflation Data US benchmark equity indexes were lower after midday Monday as markets evaluated an inflation survey
84,"S&P 500, Nasdaq Retreat From Record Levels US benchmark equity indexes fell Monday as markets assessed an inflation survey and awaited official"
85,Sector Update: Energy Stocks Advance Late Afternoon Energy stocks rose late Monday afternoon with the NYSE Energy Sector Index adding 0.6% and the Energ
86,"Ubiquiti Is Having Its Tim Cook Moment Over the last year, Ubiquiti increased its addressable market and executed operationally better than at any time in its history. Learn more about UI stock here."
87,"Enphase Energy (ENPH) Stock Drops Despite Market Gains: Important Facts to Note The latest trading day saw Enphase Energy (ENPH) settling at $74.23, representing a -0.3% change from its previous close."
88,"Is Enphase Energy (ENPH) the Best Alternative Fuel Stock to Buy According to Hedge Funds? We recently published a list of 10 Best Alternative Fuel Stocks To Buy According to Hedge Funds. In this article, we are going to look at where Enphase Energy, Inc. (NASDAQ:ENPH) stands against other best alternative fuel stocks to buy according to hedge funds. The alternative fuel and renewable energy industry is currently one of […]"
89,Canadian Solar to Supply 315 MWh Battery Energy Storage in Texas CSIQ plans to deliver 315 MWh DC of battery storage solutions in Texas and sell up to 2 GWp of high-efficiency solar modules for various Sunraycer projects.
90,"ENPH, NextEnergy Ink Deal to Boost Solar Savings in Netherlands ENPH teams up with NextEnergy in the Netherlands to help customers get valuable returns from their solar and battery investments."
91,"Investor Alert: Kessler Topaz Meltzer & Check, LLP Files a Securities Fraud Class Action Lawsuit Against Enphase Energy, Inc. and Encourages Investors With Losses to Contact the Firm The law firm of Kessler Topaz Meltzer & Check, LLP informs investors that the firm has filed a securities fraud class action lawsuit against Enphase Energy, Inc. (..."
92,"DEADLINE ALERT: Faruqi & Faruqi, LLP Investigates Claims on Behalf of Investors of Enphase Energy Faruqi & Faruqi, LLP Securities Litigation Partner James Wilson Encourages Investors Who Suffered Losses Exceeding $100,000 In Enphase Energy To Contact Him Directly To Discuss Their OptionsIf you..."
93,"Enphase Energy Begins Shipments of IQ Battery 5Ps in India FREMONT, Calif., Dec. 17, 2024 (GLOBE NEWSWIRE) -- Enphase Energy, Inc. (NASDAQ: ENPH), a global energy technology company and the worlds leading supplier of microinverter-based solar and battery systems, today announced initial shipments of its most powerful home battery to-date, the IQ® Battery 5P, for customers in India. Enphase announced pre-orders of IQ Battery 5Ps in September 2024. India’s power grid faces frequent challenges, with outages disrupting numerous households daily. The IQ Bat"
94,SolarEdge Stock Jumps After Goldman Double Upgrade. Solar Can Shine Again in 2025. SolarEdge Stock Jumps After Goldman Double Upgrade. Solar Can Shine Again in 2025.
95,Enphase: Ready To Shine Again Enphase dominates the microinverter segment and benefits from favorable long-term solar energy trends. See why I rate ENPH stock a strong buy.
96,"ENPH Investors Have Opportunity to Lead Enphase Energy, Inc. Securities Fraud Lawsuit with the Schall Law Firm The Schall Law Firm, a national shareholder rights litigation firm, reminds investors of a class action lawsuit against Enphase Energy, Inc. for violations of §§10 and 20 of the Securities..."
97,"Investor Notice: Robbins LLP Informs Stockholders of the Class Action Lawsuit Filed Against Enphase Energy, Inc. SAN DIEGO, Dec. 18, 2024 /PRNewswire/ -- Robbins LLP announces that a shareholder filed a class action on behalf of all investors who purchased or otherwise acquired Enphase Energy, Inc. securities..."
98,"Rosen Law Firm Urges Enphase Energy, Inc. (NASDAQ: ENPH) Stockholders with Large Losses to Contact the Firm for Information About Their Rights Rosen Law Firm, a global investor rights law firm, announces that a shareholder filed a class action on behalf of all purchasers of common stock of Enphase Energy, Inc. between April 25, 2023 and..."
99,This Clean Energy Stock Surges On Upgrade Despite Trump Uncertainty This Clean Energy Stock Surges On Upgrade Despite Trump Uncertainty
100,"ENPH Investor Alert: Kessler Topaz Meltzer & Check, LLP Has Filed a Securities Fraud Class Action Lawsuit Against Enphase Energy, Inc. (ENPH) December 19, 2024 - The law firm of Kessler Topaz Meltzer & Check, LLP informs investors that the firm has filed a securities fraud class action lawsuit against Enphase Energy, Inc. on behalf of all..."
