51,"This Domestic Solar Stock (FSLR) Could Shine In Your Portfolio If President-elect Donald Trump Imposes Tariffs On Chinese Solar Panels During his presidential campaign, Donald Trump promised to impose tariffs on certain Chinese imports, such as solar panels. Although economists still debate whether Trumps tariffs will benefit Americas economy, domestic solar producers certainly ..."
52,"First Solar Inc. stock falls Friday, underperforms market First Solar Inc. stock falls Friday, underperforms market"
53,"First Solar (FSLR) Stock Declines While Market Improves: Some Information for Investors First Solar (FSLR) reachead $186.43 at the closing of the latest trading day, reflecting a -0.02% change compared to its last close."
54,"Is First Solar (FSLR) Stock Due for an Extended Rebound? Despite spiking as much as +6% in Mondays trading session, First Solar (FSLR) stock is still 37% from its 52-week high of over $300 a share last June."
55,"First Solar Inc. stock rises Tuesday, outperforms market First Solar Inc. stock rises Tuesday, outperforms market"
56,The Challenges Of The Energy Transition And 26 Companies That Might Benefit From It Areas such as grids and storage are crucial to the success of the energy transition. Check out the various challenges posed by the energy transition.
57,"First Solar Shines Through Cloudy Market Financial writer bullish on undervalued First Solar, citing long-term growth trends and strong balance sheet amidst market fears and oversupply."
58,"5 Growth Stocks For 2025 My 2024 picks outperformed, but growth investing requires patience. Read why SoFi, Galaxy Digital, and others are great choices for 2025 with a long-term view."
59,Nextracker Stock Reaches 80-Plus RS Rating Benchmark Nextracker Stock Reaches 80-Plus RS Rating Benchmark
60,First Solar Supports Missouri S&T Efforts to Secure Critical Materials Supply Chains American solar manufacturer establishes endowed professorship in critical energy materials...
61,"First Solar: Dont Let This Buying Opportunity Go To Waste Despite First Solars recent stock decline, long-term thesis remains intact. Read more about FSLR stock here."
62,"First Solar Inc. stock falls Monday, underperforms market First Solar Inc. stock falls Monday, underperforms market"
63,"First Solar, Inc. to Announce Fourth Quarter and Full Year 2024 Financial Results and 2025 Financial Guidance on February 25, 2025 First Solar, Inc. will report financial results for the fourth quarter and full year ended December 31, 2024, and discuss its 2025 financial guidance and outlook, after the market closes on Tuesday,..."
64,"First Solar Inc. stock rises Wednesday, outperforms market First Solar Inc. stock rises Wednesday, outperforms market"
65,Nextracker: Riding The Solar Boom With Industry-Leading Innovation Nextracker reported $679 million in Q3 revenue with significant free cash flow growth and a record backlog exceeding $4.5 billion. Learn more on NXT stock here.
66,Enphase Earnings Are Lifting Solar Stocks. What Wall Street Thinks. Enphase Earnings Are Lifting Solar Stocks. What Wall Street Thinks.
67,"First Solar bars use of deep-sea minerals, early win for ESG group First Solar agreed to refrainfrom using minerals mined from the deep sea, an early win forshareholder environmental activists and a sign their agendamight make progress despite opposition from U.S...."
68,3 Renewable-Energy Stocks That Could Thrive Under Trump 3 Renewable-Energy Stocks That Could Thrive Under Trump
69,First Solar Inc. stock underperforms Monday when compared to competitors First Solar Inc. stock underperforms Monday when compared to competitors
70,Why First Solar Wins Even if Trump Does Away With Tax Credits Why First Solar Wins Even if Trump Does Away With Tax Credits
71,"First Solar Stock: Deep Analysis Reveals Solars Geopolitical Importance First Solar, Inc.s U.S. dominance, strategic growth, and energy security focus make it a strong long-term investment. Read more on FSLR stock update."
72,First Solar Inc. stock underperforms Tuesday when compared to competitors despite daily gains First Solar Inc. stock underperforms Tuesday when compared to competitors despite daily gains
73,Home Depot and Workday headline earnings Home Depot and Workday headline earnings
74,"First Solar Initiates Legal Action Against JinkoSolar for Infringement of TOPCon Technology Patents First Solar, Inc. today announced the filing of a lawsuit against Shanghai-headquartered JinkoSolar and its related entities alleging infringement of First Solar’s US Patent No. 9,130,074 . The..."
75,"First Solar, Inc. (FSLR) Q4 2024 Earnings Call Transcript First Solar, Inc. (NASDAQ:FSLR) Q4 2024 Earnings Conference Call February 25, 2025 4:30 PM ETCompany ParticipantsByron Jeffers - Head of IRMark Widmar -..."
76,"First Solar forecasts higher 2025 sales, initiates legal action against JinkoSolar The Biden administration had imposed a round of tariffs on solar panel imports from four Southeast Asian nations in November, after American manufacturers complained companies were flooding the market with unfairly cheap goods, benefiting U.S. companies such as First Solar that produce domestically.  Separately, the company said it has initiated legal action against Shanghai-based JinkoSolar for infringement of TOPCon, a technology which improves efficiency of solar panels, patents in the United States District Court of Delaware."
77,First Solar Inc. stock underperforms Tuesday when compared to competitors First Solar Inc. stock underperforms Tuesday when compared to competitors
78,"First Solar (NASDAQ:FSLR) Posts Better-Than-Expected Sales In Q4 Solar panel manufacturer First Solar (NASDAQ:FSLR) announced better-than-expected revenue in Q4 CY2024, with sales up 30.7% year on year to $1.51 billion. The company expects the full year’s revenue to be around $5.55 billion, close to analysts’ estimates. Its GAAP profit of $3.65 per share was 23.9% below analysts’ consensus estimates."
79,"First Solar Stock Pops. Its ‘Messy’ Quarter is Good Enough. The company projected strong earnings growth, and some analysts think pressure on the stock is overdone."
80,"Why First Solar (FSLR) Is Rallying Today First Solar (FSLR) is jumping 11% after the solar panel maker reported higher-than-expected fourth-quarter revenue and provided 2025 sales guidance that was also above analysts’ average estimates. Additionally, FSLR disclosed that it had taken “legal action” against China-based solar-cell maker JinkoSolar (JKS). The Highlights of FSLR’s Q4 Results and 2025 Guidance The company’s Q4 revenue […]"
81,"First Solar price target lowered to $251 from $280 at RBC Capital RBC Capital lowered the firm’s price target on First Solar (FSLR) to $251 from $280 and keeps an Outperform rating on the shares. The company’s Q4 results and 2025 guide were disappointing due to a series of headwinds, but while these could be transitory impacts, the timing for a resolution is uncertain due to limited visibility into policy, which is also impacting the company’s ability to efficiently manage its operations, the analyst tells investors in a research note. RBC’s price target cut a"
82,"What Moved Markets This Week The U.S. stocks fell about 1% this week, closing a tough February overall for markets. Read more about this weeks major events on Wall Street."
83,"First Solar, Inc. (FSLR): A Bull Case Theory We came across a bullish thesis on First Solar, Inc. (FSLR) on Substack by Long-Term Pick. In this article, we will summarize the bulls’ thesis on FSLR. First Solar, Inc. (FSLR)’s share was trading at $136.18 as of Feb 28th. FSLR’s trailing and forward P/E were 11.33 and 7.37 respectively according to Yahoo Finance. First Solar (FSLR) […]"
84,"Down More Than 50%: Analysts Say Now Is the Time to Bottom Fish These 2 Stocks The first big challenge in building a profitable stock portfolio? Picking the right stocks, naturally. Whether it’s blue-chip giants known for steady gains, high-risk plays that offer outsized returns, or dividend stocks that let you sit back and collect, every strategy has its champions. But today, we’re zeroing in on bargain stocks. Everyone likes a bargain. It’s the truth behind the old market cliché of “buy low and sell high.” Investors can build a solid portfolio by bottom fishing – that is"
85,"1 Industrials Stock to Own for Decades and 2 to Turn Down Industrials businesses quietly power the physical things we depend on, from cars and homes to e-commerce infrastructure. Still, their generally high capital requirements expose them to the ups and downs of economic cycles, and the industry’s six-month return of 1.8% has fallen short of the S&P 500’s 6.7% rise."
86,"First Solar (NasdaqGS:FSLR) Sees 16% Price Move Despite Growth In Annual Earnings First Solar (NasdaqGS:FSLR) recently announced significant growth in its annual and quarterly earnings, with a positive outlook for 2025 and expectations of increased net sales and operating income. However, despite this robust performance, the companys stock experienced a 16.54% downturn over the past week. This decline coincided with broader market sell-offs prompted by tariff uncertainties, which led to a notable 1.9% drop in the market as a whole. As tech stocks led the sell-off and..."
87,"First Solar Q4: Policy Uncertainty Creates A Rare Value Opportunity First Solars deep oversold sentiment, growing quarterly earnings, and proactive supply chain considerations position it well. Read an analysis of FSLR stock here."
88,"Is First Solar, Inc. (FSLR) The Most Undervalued NASDAQ Stock To Buy According To Hedge Funds? We recently published a list of 13 Most Undervalued NASDAQ Stocks To Buy According To Hedge Funds. In this article, we are going to take a look at where First Solar, Inc. (NASDAQ:FSLR) stands against other most undervalued NASDAQ stocks to buy according to hedge funds. The NASDAQ Index closed more than 10% below its […]"
89,"First Solar (FSLR): Buy, Sell, or Hold Post Q4 Earnings? First Solar’s stock price has taken a beating over the past six months, shedding 45.1% of its value and falling to $131.85 per share. This was partly driven by its softer quarterly results and might have investors contemplating their next move."
90,The word from U.S. companies to Wall Street in new Trump era is ‘uncertainty’ The word from U.S. companies to Wall Street in new Trump era is ‘uncertainty’
91,"Energy Transition Today - Indias Emerging Role in Shaping Global Energy Markets Indias economic trajectory is set to significantly influence global energy demand, according to Wood Mackenzies latest Horizons report. While the countrys growth mirrors elements of Chinas past boom, it diverges by emphasizing lower energy intensity and a diversified energy mix. The report projects India as a major player in global energy markets, with substantial increases in coal, oil, and renewable energy demand by 2033. This growth is underpinned by high-value manufacturing and..."
92,"First Solar (FSLR) Suffers a Larger Drop Than the General Market: Key Insights First Solar (FSLR) closed the most recent trading day at $128.46, moving -0.68% from the previous trading session."
93,"First Solar: Limited Impact Of IRA Overhang, Focus On Healthy Balance Sheet Discover how First Solar navigates mixed earnings, policy headwinds, and valuation opportunities."
94,"Is First Solar, Inc. (FSLR) the Best Energy Stock to Invest in According to Billionaires? We recently published a list of 12 Best Energy Stocks to Invest in According to Billionaires. In this article, we are going to take a look at where First Solar, Inc. (NASDAQ:FSLR) stands against other best energy stocks to invest in according to billionaires. After significantly lagging behind in 2024, the broader energy sector finally […]"
95,"ICLN: Stuck Between A Rock And A Hard Place ICLN ETF faces challenges despite clean energy trends, with 48.5% losses since 2021."
96,"Energy Transition Today - Hydrogen Surge Powers Zero-Emission Transportation Revolution The U.S. Green Hydrogen Market for Mobility is experiencing a significant surge, driven by federal policy support, including measures like the Inflation Reduction Act, and expanding investments in hydrogen fueling infrastructure. Key advancements in electrolyzer technologies are enabling increased production of green hydrogen from renewable sources such as wind and solar. The adoption of fuel cell electric vehicles (FCEVs) is accelerating across various sectors, including passenger cars,..."
97,"Bumbershoot Holdings 2024 Investor Letter Bumbershoot had over 10+ companies drop more than -15% in Dec. 2024. So, why does Bumbershoot actually believe 2024 was a solid year? Find out. "
98,"Potatoes, discount chains and drugmakers offer havens in stock-market bloodbath Potatoes, discount chains and drugmakers offer havens in stock-market bloodbath"
99,"Victoria’s Secret, First Solar, and More Stocks See Action From Activist Investors 13D FILINGS These disclosures are from 13Ds filed with the Securities and Exchange Commission. 13Ds are filed within 10 days of an entity’s attaining more than 5% in any class of a company’s securities."
100,"First Solar: Resilient In Tough Market Conditions First Solar shows relative strength in a pressured industry, benefiting from a strong balance sheet. See why I rate FSLR stock a buy now."
