151,"NextEra: Q2 Earnings Snapshot On a per-share basis, the Juno Beach, Florida-based company said it had profit of 98 cents. Earnings, adjusted for non-recurring costs, came to $1.05 per share. The results beat Wall Street expectations."
152,What Breadcrumbs From NextEra Disclosures Mean For Eos Energy NextEras shift to US battery suppliers and massive storage backlog signal huge opportunity for Eos Energys growth & valuation. Read what investors need to know.
153,"NextEra Energy Ranks No. 1 In Industry On Fortune’s ‘World’s Most Admired Companies’ List NextEra Energy, Inc. (NYSE:NEE) is among the 13 Best Electrical Infrastructure Stocks to Invest In. Fortune’s 2025 World’s Most Admired Companies list features NextEra Energy, Inc. (NYSE:NEE) at the top of the electric and gas utilities industry, marking the company’s 17th consecutive top spot in 19 years. The company’s excellent performance in innovation, management caliber, […]"
154,"DTE Energys Q2 Earnings Miss Estimates, Decline Year Over Year DTE misses Q2 earnings estimates as EPS declines year over year despite gains in electric and non-utility segments."
155,"Exelons Q2 Earnings Surpass Estimates, Sales Lag, Delivery Volume Up EXC beats second-quarter earnings estimates, with delivery volume and infrastructure investments on the rise."
156,"Dominion Beats on Q2 Earnings & Revenues, Adds Customers D beats second-quarter estimates with strong EPS and revenue growth, boosted by new customers and data-center demand."
157,"3 Energy Stocks to Buy With $500 and Hold Forever From pipelines to power plants, these three energy stocks are built to pay you for decades."
158,"The Zacks Analyst Blog Highlights NextEra, Applied Materials and Petroleo Brasileiro NEE, AMAT, and PBR stand out for renewable growth, chip sector strength, and deep energy assets, despite sector-specific risks."
159,"Big Tech is power-hungry, and Americas aging grid cant keep up As Big Tech companies continue to pour money into the data centers that underpin AI and cloud-computing technology, they are counting on a fragile, unstable, and possibly unequipped power grid."
160,FPL reaches agreement in principle with key stakeholders that would keep customer bills well below national average Florida Power & Light Company and key stakeholder groups have reached an agreement in principle on a comprehensive four-year rate settlement that would keep customer bills well below the national average through the end of the decade.
161,"JXI: Global Diversification At Lower Multiples For A Better Performance Discover why JXI is a buy: global diversification, decarbonization growth, and lower valuation multiples. A resilient utility ETF amid rising energy demand."
162,"Nuclear Stocks Shine as Demand for Zero-Carbon Energy Accelerates Investors looking to build a nuclear-focused portfolio may find strong opportunities in companies such as NextEra Energy, Duke Energy and Constellation Energy."
163,Clean Energy Stocks Have Jumped. Next Week Could Test the Rally. President Donald Trump has called for the Treasury Department to impose more stringent rules on renewables projects. One analyst says that could come on Monday.
164,Solar stocks surge after Treasury tightens clean energy tax credit rules Investing.com -- Solar and renewable energy stocks rallied sharply Friday after the U.S. Treasury Department and IRS released new guidance on clean energy project construction requirements for tax credit qualification.
165,"Can NEE Stocks Diverse Generation Mix Boost Long-Term Growth Outlook? NextEra Energys balanced generation mix, rising ROE and steady EPS growth outlook highlight its long-term strength."
166,"Electricity Prices Are Surging. How the Political Fallout Could Hit Companies, Too. Rising electricity prices are a growing problem for Americans, and a political problem for the Trump administration."
167,"Nvidia Has the Power to Move Markets. Watch These Sectors. It’s rare that a single company has the potential to move markets but Nvidias earnings report has that power and will be key for multiple sectors.  The artificial-intelligence trade is the driver behind not just chip companies but also utilities, energy, cloud-computing and software stocks.  “Nvidia is the ultimate bellwether for the AI story and investors look to this company every quarter for reassurance that the AI story is still intact,” said Clark Bellin, president of wealth manager Bellwether Wealth."
168,NextEra Energy Declares Settlement Rate for Corporate Units; Plans to Raise $2 Billion From Transactions NextEra Energy (NEE) said Thursday holders of stock purchase contracts that are components of corpor
169,Worried About a Stock Market Sell-Off? Consider This Rock-Solid Dividend Stock and 2 ETFs for Passive Income Dividend stocks are a great way to stay invested in the market without your entire return depending on stock prices increasing.
170,"S&P 500 Slips Weekly, Still Up Fourth Consecutive Month The Standard & Poors 500 index edged down 0.1% this week but ended August trading with a 1.9% month"
171,"JPMorgan Raised NextEra Energy, Inc. (NEE)’s price target NextEra Energy, Inc. (NYSE:NEE) is among the 11 Best Green Stocks to Buy According to Hedge Funds. JPMorgan maintained its Overweight rating on NextEra Energy, Inc. (NYSE:NEE) and lifted its price goal from $86 to $87 on August 22. The modification is in response to JPMorgan’s updated model reflecting the “constructive” Florida Power and Light […]"
172,"AI Isnt A Bubble. Its A $100 Trillion Tailwind For My Portfolio Big Tech may dominate headlines, but the real opportunity lies in the mission-critical infrastructure enabling this AI revolution. Read which stocks Ive been buying."
173,"NextEra Outperforms Industry Quarter to Date: How to Play the Stock? NEE continues to shine with clean energy growth, rising earnings estimates and steady dividends, but trades at a premium valuation."
174,"5 Relatively Secure And Cheap Dividend Stocks, Yields Up To 9% (Sept. 2025) We go over a filtering process to select just 5 conservative dividend-growth stocks from more than 7,500 companies. Read here for picks from our monthly series."
175,The 2 Income Engines I Would Trust To Fund Retirement I want to have investments that are not at risk of financial distress. Find out why midstream and AI infrastructure are my two favorites for retirement passive income.
176,The Ultimate $1 Million All-Weather Portfolio For Lifetime Wealth Monte Carlo simulations revealed how sector diversification and correlations impact long-term portfolio resilience. Click here for more information on Retirement.
177,The PPI Plot Twist: What It Means For High-Yield Investors Dive into the latest PPI data and discover which sector could thrive if rate cuts return. Click here to read my latest analysis.
178,"NextEra (NEE) Upgraded to Buy: Heres What You Should Know NextEra (NEE) has been upgraded to a Zacks Rank #2 (Buy), reflecting growing optimism about the companys earnings prospects. This might drive the stock higher in the near term."
179,"These Are the Largest Utility Stocks by Market Cap, but the Best Buys May Not Be What Youd Expect The largest utility in the world could be the best one for you to buy -- but not for the reason you think."
180,"Struggling NextEra Energy Makes A Good Candidate For This Bearish Option Trade NextEra Energy stock just broke through its 200-day moving average, making it good candidate for a bear call spread."
181,"1 Magnificent Dividend Stock Down 20% to Buy and Hold Forever This reliable dividend stock flips the script in what is traditionally a boring sector, which makes it an attractive buy today."
182,"Lumen Expands Multi-Billion AI Network Amid Surging Demand LUMN is rapidly expanding its intercity fiber network, boosting AI-ready capacity with next-gen upgrades and 400G connectivity."
183,The Smartest Dividend Stocks to Buy With $100 Right Now These dividend stocks are capitalizing on powerful growth trends.
184,NextEra Energys Point Beach Nuclear Plant Gets Green Light to Operate for 20 More Years NextEra Energys Point Beach Nuclear Plant Gets Green Light to Operate for 20 More Years
185,"NRC Authorizes NextEra Energys Point Beach Nuclear Plant to Operate for Another 20 Years The U.S. Nuclear Regulatory Commission (NRC) has approved subsequent license renewal for Point Beach Nuclear Plant Units 1 and 2, extending operations through 2050 and 2053, respectively. Following a rigorous multi-year application process, this milestone approval ensures Wisconsins only remaining nuclear plant will continue to power the state for the next three decades."
186,"NextEra Energy announces participation at the 2025 Wolfe Research Utilities, Midstream & Clean Energy Conference and plans to host an investor conference in December NextEra Energy, Inc. (NYSE: NEE) today announced that John Ketchum, chairman, president and chief executive officer, is scheduled to participate in a fireside chat at the 2025 Wolfe Research Utilities, Midstream & Clean Energy Conference in New York City on Wednesday, Oct. 1, 2025, at noon ET. The presentation will include, among other topics, long-term growth-rate expectations for NextEra Energy. A live audio webcast and a copy of the presentation materials will be available at www.NextEraEnerg"
187,"Buy These Dividend Stocks Now Instead Of American Electric Power Regulated utility stocks show reliable dividend growth. Explore AEP, NextEra, and H2O Americas strengths and income potential."
188,Top 10 High-Yield Dividend Stocks For October 2025 Discover October 2025âs top 10 high-yield dividend stocks with a 3.95% avg. yield & 19.02% projected return. Click for the picks!
189,"U.S. Nuclear Regulatory Commission Approves NextEra Energy, Inc. (NEE)’s Point Beach Nuclear Plant in Wisconsin NextEra Energy, Inc. (NYSE:NEE), is one of the 10 Most Promising Green Stocks According to Wall Street Analysts, supported by hedge fund interest and analyst-rated potential. On September 29, 2025, the U.S. Nuclear Regulatory Commission approved the Point Beach Nuclear Plant in Wisconsin to continue operating for an additional 20 years, marking a significant regulatory […]"
190,"Why NextEra Energy’s (NEE) Dividend History Appeals to Long-Term Investors NextEra Energy, Inc. (NYSE:NEE) is included among the 12 Best Dividend Aristocrat Stocks to Invest in Right Now. NextEra Energy, Inc. (NYSE:NEE) is the largest electric utility holding company in the U.S. The growing need for electricity, fueled by the rapid expansion of AI data centers, the return of manufacturing to domestic soil, and the […]"
191,I Wouldnt Dare Buy These 3 Popular Investments Right Now This stock market has turned into a market of stocks. Learn why stock selectivity matters amid high valuations and AI trends.
192,"NextEra Energy Earnings Preview: What to Expect NextEra Energy is all set to release its fiscal third-quarter earnings later this month, and analysts project a low single-digit earnings growth."
193,"Data Centers Embracing Nuclear, SMRs For AI Needs Securing reliable power is a key gating factor in data center development. Select nuclear plants can help meet power needs near term, while SMRs represent a compelling solution long term."
194,"Rising Clean Energy Demand Fuels Renewed Interest in Nuclear Stocks Investors looking to build a nuclear-focused portfolio may find strong opportunities in companies such as BWX Technologies, Dominion Energy and Duke Energy."
195,"NextGrid Alliance Surpasses 150 Member Utilities to Speed the Future of Energy The NextGrid Alliance (NGA), a first-of-its-kind network that brings together utilities and startups to address the future of energy, today announced its membership has surpassed more than 150 regulated energy utility companies from around the world. Recent additions including Georgia Power and ESB Group will join other leading organizations like ConEd, NextEra, and Southern California Edison to share insights, connect with startups, and discuss successful technology deployments to boost innovat"
196,EIX or NEE: Which Is the Better Value Stock Right Now? EIX vs. NEE: Which Stock Is the Better Value Option?
197,"NextEra Energy Inc. (NEE): Evercore Terms Firm Leader in US Solar Market NextEra Energy, Inc. (NYSE:NEE) is included among the 12 Most Promising Clean Energy Stocks According to Wall Street Analysts. NextEra Energy, Inc. (NYSE:NEE) generates, transmits, distributes, and sells electric power to retail and wholesale customers in North America. On October 6, Evercore ISI analyst Nicholas Amicucci initiated coverage of the stock with an Outperform rating […]"
198,VIG: A Growth Fund Disguised As A Dividend ETF Discover how VIGâs growth-focused approach sets it apart from traditional dividend ETFs. Explore the impact of tech holdings and market cap weighting.
199,Dont Waste Your Time Timing Bubbles: Subscriptions Make This Market Nothing Like 1999 Discover why S&P 500 companiesâ shift to subscription models strengthens earnings consistency and makes equities outperform bonds.
200,S&P 500 Posts Weekly Drop Amid Trumps Latest Tariff Threat The Standard & Poors 500 fell 2.4% this week amid a fresh round of tariff worries. The index en
