401,Invesco EQV European Equity Fund Q4 2024 Commentary Class A shares underperformed the MSCI Europe Index for the quarter. The leading detractors from relative return were stock selection in industrials and health care.
402,"EDEN: Denmark ETF Makes Sense Now (New Buy) EDENs concentrated portfolio, with the top 5 holdings making up 42% of the fund, allows for easier tracking and potential for strong returns. Read more here."
403,Janus Henderson Concentrated Growth Managed Account Q4 2024 Commentary The Janus Henderson Concentrated Growth Managed Account Portfolio returned 2.44% (gross) and the Russell 1000├é┬« Growth Index returned 7.07%. Click here to read the full commentary. 
404,Novo Nordisk: Dips Like These Come Once Every Few Years Novo Nordisk shares dropped due to CagriSema trial results but have long-term upside. Learn why NVO stock is a Strong Buy with promising growth in obesity care.
405,Janus Henderson Global Life Sciences Fund Q4 2024 Commentary The Janus Henderson Global Life Sciences Fund returned -11.16% and the MSCI World Health Care IndexSM returned -11.40%. Click here to read the full commentary. 
406,"Invesco Oppenheimer International Growth Fund Q4 2024 Commentary The fund, with its quality characteristics, underperformed its benchmark for the quarter and the year. Read more here."
407,"Parnassus Value Equity Fund Q4 And 2024 Annual Investment Commentary The Parnassus Value Equity Fund returned -1.48% (net) for Q4 2024, outperforming the Russell 1000 Value Index├ó┬Ć┬Ös -1.98%. Click here to read the full commentary. "
408,"American Century Focused Global Growth Fund Q4 2024 Commentary Selection and an overweight relative to the benchmark in industrials, ground transportation in particular, detracted from relative results. Read more here."
409,"Harding Loevner International Equity ADR Q4 2024 Report For Q4 2024, Harding Loevner International Equity ADR composite fell 7.9%, gross, behind the 7.5% decline of the MSCI ACWI ex US Index. Click here to read more."
410,American Century International Growth Fund Q4 2024 Commentary Non-U.S. developed markets stocks finished the fourth quarter lower. Political uncertainty in some of the largest European economies has diminished their growth outlook.
411,"A Rip Van Winkle Portfolio: Invest In These Companies And Forget You Did It Explore the Rip Van Winkle portfolio strategy: Long-term investments in top tech, health, and consumer staples for stability, growth, and reliable returns. Read what investors need to know."
412,"Artisan Global Opportunities Fund Q4 2024 Commentary The Artisan Global Opportunities Fund portfolio experienced slight weakness in Q4 but delivered a
strong absolute return in 2024. Click here to read the full commentary."
413,"BNY Mellon International Equity Fund Q4 2024 Commentary BNY Mellon International Equity Fund outperformed its benchmark index, the MSCI EAFE, during the fourth quarter of 2024. Read more here."
414,Hims & Hers Q4 Preview: Is The Super Bowl Ad Worth $5B In Market Cap? (Rating Downgrade) Investors could be overestimating the contribution of Hims & Hers compounded GLP-1 medications to its top line. Read why I recommend HIMS stock a Hold.
415,"Harbor Diversified International All Cap Fund Q4 2024 Commentary During Q4 2024, the Harbor Diversified International All Cap Fund returned -7.58%, performing broadly in line with its benchmark."
416,Novo Nordisk Prices In Too Few New Patients For GLP-1 Currently Novo Nordisk only prices in managements latest year guidance and underestimates the full market potential. See why I rate NVO stock a strong buy.
417,"PepsiCos Recent Selloff Is A Huge Gift For Long-Term Investors PepsiCo (PEP) is a Strong Buy with robust profitability, strategic growth, and decade-low valuation. Read an investment analysis of PEP stock here."
418,Why AbbVie Remains A Strong Buy For Long-Term Investors Discover why AbbVie stands out for long-term investors with strong growth in Skyrizi & Qulipta sales.
419,"Hims & Hers Declines - How The GLP-1 Market Shift Affects Growth Hims & Hers plans to launch a generic version of liraglutide, but its efficacy is significantly lower than semaglutide. See why HIMS stock is a Hold."
420,Afraid Of Investing In Individual Stocks? Consider This ETF Trifecta I have been recently adding ETFs as these are also great for building wealth. Check out the ETF trifecta you should consider for your portfolio and why.
421,"Wall Street Breakfast Podcast: Bitcoin Slips Below $90K As Crypto Stumbles Bitcoin breaks below $90,000 as crypto selloff deepens. Apple, Indonesia reportedly agree on terms to end iPhone 16 ban. Drug compounders sue FDA over semaglutide status: report."
422,"Columbia Overseas Value Fund Q4 2024 Commentary Institutional Class shares of Columbia Overseas Value Fund returned ├ó┬Ć┬ō6.29% for the 
fourth quarter of 2024. Click here to read the full commentary.  "
423,"Hims & Hers: Why This Q4 Earnings Dip Is A Buying Opportunity Hims & Hers dipped 19% post-Q4 earnings. Read here for HIMS stocks growth trends, margin concerns, and why this could be a strong long-term buying opportunity."
424,"Eli Lilly: Load Up Before It Leaves You Behind Eli Lilly stock surges past $840, outperforming the S&P 500. Click here to learn why LLY stock is still undervalued and why now might be the time to invest."
425,Pioneer International Equity Fund Q4 2024 Performance And Market Commentary Average Annual Total Returns for Class Y SharesMonth-to- DateQuarter- to-DateYear-to- Date1-Year3-Year5-Year10-YearPioneer International Equity Fund...
426,"Mercks Oncology Strength: Beating Wall Street Again Mercks Q4 2024 results surpassed expectations, driven by strong oncology sales and growth in Keytruda. See why I think MRK may work for income investors."
427,"Metsera: Capturing Of Obesity Market With Long-Acting GLP-1 Differentiation Metseras IPO raised $316.2 million, funding its obesity drug MET-097i, which shows promise with once-monthly dosing. Read why MTSR stock is a Strong Buy."
428,"Tracking Terry Smiths Fundsmith 13F Portfolio - Q4 2024 Update Read here for an update on Fundsmiths latest 13F portfolio shifts with reduced major stakes, new small positions, and notable disposals."
429,"Tracking Chase Colemans Tiger Global Portfolio - Q4 2024 Update Tiger Globals 13F reveals a $26.46B portfolio with top holdings in Meta, Microsoft & Alphabet. Read here for an update on additions and decreases."
430,Madrigal Pharmaceuticals: Rezdiffra First-Mover Advantage Gains Traction (Upgrade) Madrigal Pharmaceuticals Rezdiffra had a strong launch with $103.3M in Q4 sales and solid liquidity. See why I have a positive outlook on MDGL stock.
431,"Under The Microscope: Looking For Opportunity Among Healthcares Underperformers Many stocks in the healthcare sector have trailed the wider markets, but are there pockets of opportunity? TD Asset Managements Ram Sampath discusses."
432,"Carillon ClariVest International Stock Fund Q4 2024 Commentary Carillon ClariVest International Stock Fund was most overweight the information technology and consumer discretionary sectors, and most underweight materials and financials."
433,Novo Nordisk A/S 2024 Q4 - Results - Earnings Call Presentation The following slide deck was published by Novo Nordisk A/S in conjunction with their 2024 Q4 earnings call.
434,"SCHD Alternative Strategy - Running At An 18.81% CAGR Maximize your investments with the 4-factor dividend growth portfolio, outperforming SPY and SCHD with an 18.81% CAGR. Explore more details here."
435,"The Global Growth Engine: 2025 And Beyond Going into 2025, the PGM remains strong, with the potential for other regions to start closing the gap with the United States. Click to read."
436,"Wall Street Lunch: AI Showdown On The Cards Chinese companies are continuing to make big strides in artificial intelligence, as Alibaba (BABA) unveiled its latest reasoning model with fewer parameters."
437,"ClearBridge Global Growth Strategy Q4 2024 Commentary During the fourth quarter, the ClearBridge Global Growth Strategy outperformed its MSCI ACWI benchmark. Click here to read the full commentary."
438,"Fidelity Magellan Fund Q4 2024 Review For the final quarter of 2024, the fund gained 1.08%, trailing the 2.41% advance of the benchmark S&P 500├é┬« index. Read more here."
439,Pfizer Vs. Johnson & Johnson: Whos The Better Bargain For Investors Discover the strengths & weaknesses of healthcare giants Johnson & Johnson and Pfizer. Find out which stock is more promising for long-term investors.
440,ClearBridge Sustainability Leaders Strategy Q4 2024 Commentary The ClearBridge Sustainability Leaders Strategy underperformed its Russell 3000 Index benchmark in the fourth quarter. Click here to read the full commentary. 
441,"Buy Two Ideal March Safer Dividend Dogs Of 34 Barrons 2025 Pro-Picks My monthly update and commentary on the top dividend stock picks sourced from Barrons, March 2025 edition. Standout choices included AT&T (T). Read the full report here on Seeking Alpha."
442,"Sagimet Biosciences Denifanstat Should Be Worth More Today Explore SGMTs breakthrough MASH therapy, Denifanstat, with FDA designation & Phase 3 progress. Click here to read my most recent analysis of SGMT stock."
443,"Novo Nordisk: CagriSema Disappoints Again Novo Nordisk A/Ss CagriSema faces challenges, yet new trials aim to enhance efficacy, rival Eli Lilly in obesity treatments, and stay competitive. Click for more."
444,"Viking Therapeutics: Finally, Here Comes The Buying Opportunity (Upgrade) Viking Therapeutics remains speculative despite progress in its clinical portfolio, notably the VK2735 program for obesity. Click here to read why VKTX is a Buy."
445,"Fidelity International Growth Fund Q4 2024 Review For the final quarter of 2024, the funds Retail Class shares returned├é┬Ā-5.91%, outpacing the -9.08% result of the benchmark MSCI EAFE Growth Index (Net MA)."
446,"Fidelity International Capital Appreciation Fund Q4 2024 Review For the final quarter of 2024, the fund returned -5.12%, outpacing the -7.58% result of the benchmark MSCI All Country World Index ex USA (Net MA) Index. Read more here."
447,Amgen: Riding The MariTide Of Monthly Weight Loss Amgen stock rose 13% as obesity drug MariTide advances. Click here to find out why AMGN stock is a Buy.
448,"Roche And Zealand Team Up To Develop Petrelintide Roche & Zealand join forces on petrelintide, advancing obesity treatments with innovative amylin analogs. Find out why this deal is a win-win for RHHBY & ZLDPF."
449,"Tracking Renaissance Technologies 13F Portfolio - Q4 2024 Update Renaissance Technologies 13F reveals shifts in a $67.6B portfolio with notable changes in Palantir, Novo Nordisk, and NVIDIA. Read a portfolio update here."
450,"AbbVie Is Preparing To Challenge Eli Lilly And Novo Nordisk AbbVie Inc. enters the obesity market with GUBamy, a promising amylin analog. Click here to find out why ABBV stock is a Buy."
451,"Eli Lilly Reverses Its Recent Upswing On Broader Market Woes. Is It A Sell? Eli Lilly stock has sold off alongside the broader market over the last week, undercutting its moving averages. Is LLY stock a sell?"
452,"Zacks Market Edge Highlights: Tesla, NVIDIA, JPMorgan Chase, Exxon Mobil and Novo Nordisk Tesla, NVIDIA, JPMorgan Chase, Exxon Mobil and Novo Nordisk are part of the Zacks Market Edge blog."
453,"Regeneron Pharmaceuticals Has Lost Its Way, But Can It Find It Again? Regeneron Pharmaceuticals, Inc. faces Eylea revenue decline but shows growth potential with Dupixent & Libtayo. Click for more on REGN stock news."
454,BNY Mellon Appreciation Fund Q4 2024 Commentary The BNY Mellon Appreciation Fund underperformed the S&P 500 Index in the fourth quarter of 2024.Click here to read the full commentary. 
455,"The Zacks Analyst Blog Highlights Novo Nordisk, Roche, Pfizer, Arvinas and J&J Novo Nordisk, Roche, Pfizer, Arvinas and J&J are part of the Zacks top Analyst Blog."
456,"Amid Market Turmoil, Compelling Earnings Coming Investors looking for safe havens in a dangerous market. China EV players, FedEx and Micron earnings next week."
457,"Novo Nordisk: Stock Plunges, But It May Be Time To Load Up Novo Nordisk faces formidable challenges from Eli Lilly and new rivals, but its first-mover advantage and expanded manufacturing capacity remain strong. Read more on NVO stock here."
458,"Drugmakers agree to participate in second round of price negotiations The price negotiation process was established under former President Joe Bidens signature Inflation Reduction Act in 2022.  The second cycle of negotiations will take place under President Donald Trumps administration.  The U.S. government has said that it plans to aim for greater transparency in Medicare drug price negotiations under Trump, following criticism from the pharmaceutical industry for the Biden-era law."
459,"Novo Nordisk Stock Rises Ahead of Data on Ozempic Ingredients Ability to Lower Heart Risk Novo Nordisk shares rose Monday as the company said it would present new data on the ability of semaglutide, the active ingredient in its weight-loss drugs Ozempic and Wegovy, to lower heart risks."
460,"We Could Have A Clear Shot To 6,000, But Be Proactive A potential rally to 6,000 is possible if retail sales are positive and the FOMC Meeting is dovish. Read why investors should focus on Fab 5."
461,NVO vs. LLY: Which Stock Is the Better Value Option? NVO vs. LLY: Which Stock Is the Better Value Option?
462,"3 Unstoppable Stocks You Can Buy Now Without Any Hesitation Fear, uncertainty, and doubt have become the norm in early 2025 with rising stock market volatility.  David Jagielski (Eli Lilly): A top pharma stock that I wouldnt hesitate to buy right now and hold for years is Eli Lilly.  There is no shortage of reasons to be bullish on the stock, as it looks poised to eventually become the first healthcare company to top a $1 trillion valuation."
463,"Wall Street Analysts Predict a 44.2% Upside in Novo Nordisk (NVO): Heres  What You Should Know The consensus price target hints at a 44.2% upside potential for Novo Nordisk (NVO). While empirical research shows that this sought-after metric is hardly effective, an upward trend in earnings estimate revisions could mean that the stock will witness an upside in the near term."
464,"BlackRock Advantage International Fund Q4 2024 Commentary The fund posted returns of -6.71% (Institutional shares) and -6.78% (Investor A shares, without sales charge) for the fourth quarter of 2024. Read more here."
465,"Why Novo Nordisk (NVO) is a Top Value Stock for the Long-Term Wondering how to pick strong, market-beating stocks for your investment portfolio? Look no further than the Zacks Style Scores."
466,Managing Risk Through Market Badness With Rob Isbitts Rob Isbitts explains how investors should manage risk in the midst of volatile markets.
467,"Why Novo Nordisk Stock Outpaced the Market on Tuesday Novo Nordisk (NYSE: NVO), the Danish company best known as the maker of weight loss drug Wegovy, expanded a little on the stock exchange Tuesday.  UBSs Jo Walton reiterated the Swiss banks buy recommendation on Novo Nordisk stock at a price target of 750 Danish kroner ($110) per share.  Although its been something of an up-and-down stock so far this year, Novo Nordisk remains the pacesetter in the market for GLP-1 drugs, of which Wegovy -- indicated specifically for weight loss -- is the product most identified with the category."
468,"Consumer sector is a better barometer than Nvidia Investors weigh whats next for the market, searching for signals that the sell-off has either hit a bottom or has further to fall. Marketgauge.com chief strategist Michele Schneider joins Morning Brief to explain her vanity trade strategy, and says the consumer sector is a better barometer for investors to monitor than mega-cap names like Nvidia (NVDA). To watch more expert insights and analysis on the latest market action, check out more Morning Brief here."
469,"Weekly Picks: ? Novo NordiskŌĆÖs breakout, NikeŌĆÖs reinvention, and Rheinmetalls opportunity This weekŌĆÖs picks cover: Why Novo Nordisk will continue to dominate, how Nikes new DTC focus will restart growth, and why Rheinmetall is well positioned for Europes remilitarization."
470,"Novo Nordisk (NVO) to be ŌĆśMarket LeaderŌĆÖ Despite ŌĆśHorrifyingŌĆÖ Declines We recently published a list of 10 Stocks Market Experts are Talking About These Days. In this article, we are going to take a look at where Novo Nordisk A/S (NYSE:NVO) stands against other stocks that market experts are talking about these days. Piper SandlerŌĆÖs Chief Market Technician Craig Johnson said in a latest program [ŌĆ”]"
471,"Novo Nordisk A/S (NVO) Dropped as Trial Results Fell Short of Expectations Polen Capital, an investment management company, released its ŌĆ£Polen Global Growth StrategyŌĆØ fourth-quarter 2024 investor letter. A copy of the letter can be downloaded here. Over the past two years, global equities (2023-2024) showed a historic +45% cumulative return as per the MSCI ACWI Index (the ŌĆ£IndexŌĆØ), emphasizing market unpredictability and the futility of macroeconomic [ŌĆ”]"
472,"UK Pharma Industry Trade Association Restores Wegovy/Ozempic Maker Novo Nordisks Membership After 2 Years Of Suspension On Monday, Novo Nordisk A/S (NYSE:NVO) returned to full membership of the Association of the British Pharmaceutical Industry (ABPI) following extensive audits of the Wegovy makers compliance procedures and governance by the Prescription Medicines Code of Practice Authority (PMCPA). The Association of the British Pharmaceutical Industry is the trade association for over 120 companies in the U.K. In March 2023, the ABPI Board decided to suspend Novo Nordisk from membership of the ABPI for two yea"
473,"Novo Nordisk (NVO): Among the Best Diabetes Stocks to Buy According to Billionaires We recently published a list of 10 Best Diabetes Stocks To Buy According to Billionaires. In this article, we are going to take a look at where Novo Nordisk A/S (NYSE:NVO) stands against other best diabetes stocks to buy according to billionaires. The Growing Market and Innovation in Continuous Glucose Monitoring (CGM) Technology The WHO [ŌĆ”]"
474,"Lazard International Strategic Equity Portfolio Q4 2024 Commentary During Q4 2024, the Lazard International Strategic Equity Portfolio fell 8.7% (net), modestly lagging the MSCI EAFE Index which fell 8.1%. Click here to read more."
475,Invesco Global Focus Fund Q4 2024 Commentary Class A shares at net asset value underperformed the MSCI All-Country World Growth Index but outperformed the Morningstar Global Growth Stock Funds Category average during Q4.
476,"Lazard International Equity Select Portfolio Q4 2024 Commentary During Q4 2024, the Lazard International Equity Select Portfolio fell 9.2% (net), lagging the MSCI All Country World ex-US Index which fell 7.6%. Click here to read more."
477,"Lazard International Equity Portfolio Q4 2024 Commentary During Q4 2024, the Lazard International Equity Portfolio fell 8.6% (net of fees), modestly lagging the MSCI EAFE Index which fell 8.1%. Click here to read the full commentary. "
478,"Invesco Health Care Fund Q4 2024 Commentary Stock selection in life science tools & services, pharmaceuticals and distributors detracted from relative performance, as did an overweight in health care facilities."
479,"3 Promising Biotechs Trading Substantially Under Consensus Analyst Firm Price Targets Discover three undervalued biotech stocks with strong assets, solid cash reserves, and major catalysts ahead. Click for the picks and why I like them."
480,"BlackRock Global Dividend Fund Q4 2024 Commentary BlackRock Global Dividend Fund posted returns of -4.66% (Institutional shares) and -4.64% (Investor A shares, without sales charge) for the fourth quarter of 2024."
481,Invesco Global Fund Q4 2024 Commentary Class A shares underperformed the MSCI ACWI Growth Index and ranked in the 45th percentile of the Morningstar Global Large Stock Growth category for Q4.
482,The Davenport Core Leaders Fund Q4 2024 Commentary The Davenport Core Leaders Fund closed out the fourth quarter and the full-year of 2024 achieving another strong year of growth. Click here to read the full commentary.
483,Artisan International Small-Mid Fund Q4 2024 Commentary The Artisan International Small-Mid Fund portfolio outperformed the MSCI ACWI ex USA SMID Index in Q4 of 2024. Click here to read the full commentary. 
484,Merck Vs. Bristol-Myers Squibb: Which Pharma Stock Should You Buy Merck and Bristol-Myers Squibb are key players in cancer treatment. Find out why MRK and BMY stocks have different prospects for long-term investment.
485,"BlackRock International Fund Q4 2024 Commentary BlackRock International Fund posted returns of -4.79% (Institutional shares) and -4.81% (Investor A shares, without sales charge) for the fourth quarter of 2024."
486,Ariel International And Global Fudns Q4 2024 Commentary Ariels international strategies led their respective primary benchmarks for 2024 full year. Click here to read the full commentary. 
487,Ariel International And Global Funds Q4 2024 Commentary Ariels international strategies led their respective primary benchmarks for 2024 full year. Click here to read the full commentary.
488,Ariel International Fund And Ariel Global Fund Q4 2024 Commentary Ariel International Fund rose +5.36% while Ariel Global Fund earned +7.14% over the trailing one-year period. Click here to read the full commentary. 
489,"Buy Low, Never Sell - 2 Elite Dividend Stocks Built To Last Successful investing means ignoring hype and sticking to quality-forever holdings. Read more about two dividend stocks that thrive in any market environment."
490,"Tariffs, Tech Sluggishness, Gold, Bitcoin, And Inflation Contextualizing auto tariff news for investors, tech sluggishness, Novo Nordisk, GameStop slide. Gold, Bitcoin, volatility and inflation."
491,"Investors Look To Jobs Report For March As Conagra Brands, RH To Report Earnings Stay ahead with Seeking Alphas Wall Street Week Ahead. Get insights on key events, earnings, IPOs, and market trends."
492,Lexicons Drug Discovery Engine Validated By Novos $1 Billion Obesity Drug Deal (Upgrade) Lexicons stock rose 60% after securing a potential $1 billion deal with Novo Nordisk for preclinical obesity drug LX9851. Click here to read my analysis.
493,Hartford International Growth Fund Q4 2024 Commentary The Hartford International Growth Fund (I Share) outperformed the MSCI ACWI ex USA Growth Net Index during the quarter. Read more here.
494,Eli Lilly Vs. Novo Nordisk: Which Is The Better Bargain For Investors Eli Lilly and Novo Nordisk occupy leading positions in the obesity and diabetes markets. Find out which is the better bargain for investors.
495,"PGIM Jennison Growth Fund Q4 2024 Commentary The PGIM Jennison Growth Fund rose 6.5%, slightly underperforming the Russell 1000 Growth Index for Q4 2024. Click here to read the full commentary. "
496,"PGIM Jennison Global Opportunities Fund Q4 2024 Commentary The PGIM Jennison Global Opportunities Fund returned -0.6%, holding up slightly better than the MSCI ACWI Index. Click here to read the full commentary. "
497,The MaM Portfolio: 2025 Q1 Update Discover our focused portfolio of 12 global high-quality stocks & Bitcoin.
498,Protean Funds Scandinavia AB March 2025 Partner Letter This month├ó┬Ć┬Ös Protean Funds Scandinavia AB letter elaborates on why we are starting a low-cost active fund and provides color on winners and losers. Click here to read more.
499,Novo Nordisk: Not As Bullish As Many Novo Nordisk shares have dropped ~50% since June 2024 due to poor trial results and other negative catalysts. See why I rate NVO stock a hold.
500,1 Ideal Buy From 23 Safer April Dividend Dogs In 50 Fortune Worlds Most Admired Companies (FWMAC) Discover top investment opportunities: Fortune 50 highlights admired companies with strong dividends. Read the full list of stock picks here on Seeking Alpha.
