501,"Salesforce Pushes Data Cloud Adoption: Will It Anchor Growth? CRMs Data Cloud, storing 22T data points and growing ARR by 120% in Q1, is becoming central to its AI-driven growth push."
502,"Acxiom’s Data Clean Room Innovation Wins MarTech Breakthrough Award CONWAY, Ark., August 14, 2025--Acxiom, the connected data and technology foundation for the world’s leading brands, today announced it has won the Best Marketing Insights Platform award in the 8th annual MarTech Breakthrough Awards. This award recognizes Acxiom’s latest data clean room innovation, which includes expanded integration with Snowflake, the AI Data Cloud company powering today’s modern data stack."
503,"Samba TV Launches Snowflake Native App for Identity Matching to Power AI-Driven Media Analytics and Optimization New collaboration brings together Samba identity graphing technology with Snowflake’s secure data infrastructure enabling AI Agents to redefine media optimizationSAN FRANCISCO, Aug. 14, 2025 (GLOBE NEWSWIRE) -- Samba TV, the global leader in AI technology for media analytics, today launched its Snowflake Native App for identity resolution, giving advertisers and media platforms instant and secure access to Samba TV’s proprietary graphing algorithms at no cost to its clients. Available in Snowfla"
504,"NICE Grows Through Expanding Portfolio and Strong Partnerships NICE rides cloud growth, AI-driven CXone adoption, and deepened Salesforce ties to boost revenue and expand customer reach."
505,"Citizens JMP Lifts Snowflake (SNOW) Price Target, Keeps Outperform Rating Snowflake Inc. (NYSE:SNOW) is one of the 11 Best Revenue Growth Stocks to Buy Now. On July 18, Citizens JMP increased the price target for Snowflake Inc. (NYSE:SNOW) from $245 to $260 while maintaining an Outperform. The analyst told investors in a research note that private company checks by Citizens JMP showed that Snowflake Inc.’s […]"
506,"Deutsche Bank Sticks With Buy on Snowflake (SNOW) Ahead of Q2 Results Snowflake Inc. (NYSE:SNOW) is one of the Trending AI Stocks on Wall Street. On August 11, Deutsche Bank reaffirmed the stock as Buy. The firm remains optimistic on Snowflake due to its anticipations of strong results when the company reports later this month. It predicts a 3%–4% beat on product revenue in fiscal Q2, with year-over-year […]"
507,"Nice to Benefit From AI Adoption in Contact Center as a Service Segment, Morgan Stanley Says Nice (NICE) is expected to benefit from AI adoption in the Contact Center as a Service market, suppo"
508,"Snowflake (SNOW) Stock: What UBS Learned From Customers and Partners Snowflake Inc. (NYSE:SNOW) is one of the Must-Watch AI Stocks on Wall Street. On August 13, UBS analyst Karl Keirstead lowered the price target on the stock to $250.00 (from $265.00) while maintaining a Buy rating. The rating affirmation comes ahead of UBS analyst Karl Keirstead who consulted with nine partners and customers to assess Snowflake’s […]"
509,"AI Isnt Eating These Software Stocks, Analyst Says Investment bank Jefferies is pushing back on the belief that AI is eating software. Microsoft stock and others will ride the AI wave, it said."
510,"Columbia Convertible Securities Fund Q2 2025 Commentary Columbia Threadneedleâs Convertible Securities Fund beat its benchmark in Q2 2025, fueled by tech and crypto-linked convertibles. See what drove the upside.
"
511,Wall Street Lunch: SPAC King Returns With New Blank-Check Deal Venture capitalist Chamath Palihapitiya has filed to list a SPAC worth $250 million under the name of American Exceptionalism Acquisition Corp.
512,"CoreWeave Q2: Mispriced... But A Breakout Is Coming CoreWeave, Inc.s rapid 206% YoY growth and GPU-focused cloud model offer long-term potential despite post-IPO volatility. Click for more on CRWV earnings."
513,"Snowflake Rival Databricks Raising More Funds At $100 Billion Valuation Snowflake rival Databricks is finalizing a new funding round that would value the software maker at $100 billion, up over 60% from its last round in December."
514,"Artisan Global Opportunities Fund Q2 2025 Commentary Global markets turned in an impressive but volatile Q2, swinging from double-digit declines to double-digit gains. Click here to read more."
515,"InventHelp Inventor Develops Modern Device to Melt Snow and Ice (CHK-3006) I wanted to create a snow melting machine to diminish the extensive time and effort that it takes to shovel snow and ice, said an inventor, from West Milwaukee, Wisc., so I invented the SNOW BUSTER. My design would allow a user to quickly get rid of snow and ice in a quick, convenient, and simplified manner."
516,"Macquarie Mid Cap Growth Fund Q2 2025 Commentary For 2Q2025, Macquarie Mid Cap Growth Fund Institutional Class shares underperformed the Fundâs benchmark, the Russell Midcap Growth Index."
517,"Will AIs Diversification Beyond Oil & Gas Fuel Its Next Growth Phase? C3.ai is driving growth beyond oil and gas, with rising traction in manufacturing, government and life sciences in fiscal 2025."
518,"MongoDB, Asana, and Snowflake Shares Are Falling, What You Need To Know A number of stocks fell in the afternoon session after investors took some profits off the table as markets awaited signals on future monetary policy from the Federal Reserves Jackson Hole symposium later in the week."
519,"Snowflake: The Platform For Economic AGI Snowflake is positioning itself as the âfactory floorâ for enterprise AI, embedding LLMs, RAG, and skills into its AI Data Cloud where governance and data..."
520,"Customer Data Platform (CDP) Case Studies and Market Forecast to 2030 Featuring Orange, Tealium, Teradata, Swedbank, Allergan, Segment, Twilio, Snowflake & More Key drivers include demand for unified customer profiles, omnichannel marketing strategies, and personalized experiences Customer Data Platform Market Customer Data Platform Market Dublin, Aug. 20, 2025 (GLOBE NEWSWIRE) -- The Customer Data Platform Market by Offering (Campaign, Analytics, Composable, Real-Time CDP), Data Type (First-Party Data, Zero-Party Data), Application (Propensity Modeling, Predictive Analytics, Audience Segmentation) - Global Forecast to 2030 has been added to ResearchA"
521,"Snowflake rises as BofA lifts to Buy on positive Q2 setup, bullish long-term view Investing.com -- Bank of America Securities (BofA) lifted its rating on Snowflake (NYSE:SNOW) to Buy from Neutral and raised its price objective (PO) to $240 from $220, citing strengthening demand trends and long-term growth prospects in AI and data services."
522,"Snowflake Rises 24% Year to Date: Buy, Sell or Hold the Stock? SNOWs 24.7% YTD rally reflects strong execution and AI growth, but valuation and cost headwinds may test investor resolve."
523,"Nu double upgraded, Novavax downgraded: Wall Streets top analyst calls Nu double upgraded, Novavax downgraded: Wall Streets top analyst calls"
524,"DeepTempo Assembles Elite Advisory Council Featuring Security Leaders from Google Chronicle, Snowflake, Vectra.AI and SentinelOne SAN FRANCISCO, August 20, 2025--DeepTempo, a pioneer in behavioral threat detection powered by deep learning, today announced the formation of the DeepTempo Cyber Intelligence Council, a strategic advisory body composed of industry-defining leaders from the front lines of cybersecurity, cloud infrastructure, AI innovation, and national defense."
525,"Snowflakes AI-Powered Growth Trajectory Remains Strong, Says Analyst Snowflake (NYSE:SNOW) stock surged on Wednesday, backed by continued AI frenzy, as the company capitalizes on growing demand for its data warehousing and AI-driven products. With a notable 26% year-to-date gain, the firm remains a key player in the AI data cloud market, driven by strong momentum in its core offerings like Cortex AI and Snowpark. This comes as major tech giants, including Meta Platforms (NASDAQ:META), Microsoft (NASDAQ:MSFT), and Google parent Alphabet (NASDAQ:GOOGL) (NASDAQ:GOOG"
526,"Definite Raises $10 Million Seed Round to Deliver AI-Native Data Stack for Modern Businesses Definite, a full-stack AI-native data platform, today announced a $10 million seed round led by Costanoa, with participation from Acrew Capital and strategic angels. The funding will accelerate product development and go-to-market hiring as Definite scales adoption among enterprises."
527,"Snowflake (SNOW): Wells Fargo Lifts Price Target to $250 on Attractive Near Term Setup Snowflake Inc. (NYSE:SNOW) is one of the Trending AI Stocks in Focus This Week. On August 19, Wells Fargo reiterated the stock as “Overweight” and increased the price target to $250.00 from $225.00. The firm noted that the near term setup looks attractive. The firm’s optimism largely stems from Snowflake’s anticipated acceleration in product revenue growth […]"
528,"Intel stock slips, Snowflake & JM Smucker get upgrades Here are some of the stories Wall Street is watching on Wednesday, Aug. 20. Intel (INTC) shares are sliding following a CNBC report that the chip giant may be in talk with other large investors to get an equity infusion but at a discounted price.  Snowflake (SNOW) shares were upgraded to Buy from Neutral at BofA. JPMorgan upgraded shares of JM Smucker (SJM) to Overweight from Neutral after assuming coverage of the stock. Stay up to date on the latest market action, minute-by-minute, with Yahoo Finances Market Minute."
529,"Snowflake Stock Gets an Upgrade Ahead of Earnings Snowflake  stock was rising slightly on Wednesday after a BofA Securities analyst upgraded shares of the cloud-based data storage company on confidence there’s solid demand as customers are investing in data services to support artificial intelligence.  Brad Sills upgraded shares of  Snowflake  to Buy from Neutral and raised his price target to $240 from $220 on Wednesday.  “Demand is strengthening as customers look to Snowflake as a key component in the AI tech stack,” Sills wrote in a research note."
530,"Nancy Pelosi, Cathie Wood Make Millions On Databricks New $100 Billion Valuation Privately held data and AI company Databricks is now worth $100 billion thanks to a new funding round. Ahead of a potential IPO in 2025 or 2026, the new funding round makes existing investors such as Rep. Nancy Pelosi (D-Calif.), Cathie Wood and ..."
531,"Unveiling Snowflake (SNOW) Q2 Outlook: Wall Street Estimates for Key Metrics Evaluate the expected performance of Snowflake (SNOW) for the quarter ended July 2025, looking beyond the conventional Wall Street top-and-bottom-line estimates and examining some of its key metrics for better insight."
532,"Stocks to watch next week: Nvidia, Dell, Prudential, JD Sports and Delivery Hero Earnings preview of key companies reporting in the coming week and what to look out for"
533,"Insiders At Snowflake Sold US$3.6m In Stock, Alluding To Potential Weakness In the last year, many Snowflake Inc. ( NYSE:SNOW ) insiders sold a substantial stake in the company which may have..."
534,"NVIDIA and 2 Other Tech Reports to Watch Next Week The 2025 Q2 earnings season is nearing its end, but weve still got beloved NVIDIA to report. Itll wrap up for the reporting period for the broader Mag 7 group, whose results were primarily positive yet again."
535,"Earnings live: Zoom stock jumps as markets turn their focus to Nvidia earnings The gush of second quarter earnings reports is beginning to slow to a trickle, and with most of the reports in, the results have been mostly positive."
536,"KeyBanc Reiterates Overweight on Snowflake (SNOW) With $250 Price Target After Quarterly Survey Snowflake Inc. (NYSE:SNOW) is one of the Trending AI Stocks on Wall Street. On August 20, KeyBanc analyst Eric Heath reiterated an Overweight rating and $250.00 price target on the stock. The rating affirmation follows Keybanc’s quarterly Snowflake survey of 15 customers and partners for an updated view on spend intentions, product traction, Iceberg adoption, GenAI interest, […]"
537,"NVIDIA, Dell Set To Report Earnings As Investors Focus On Core PCE Price Index This week witnesses earnings releases from giants like NVDA, DELL and BABA. Stay updated with Wall Street Week Ahead by Seeking Alpha!"
538,"Snowflake Inc. (SNOW) Launches Public Preview of Snowpark Connect for Spark Snowflake Inc. (NYSE:SNOW) is one of the 14 Best IT Stocks to Buy for the Long Term. On August 8, 2025, Snowflake Inc. (NYSE:SNOW) launched the public preview of Snowpark Connect for Spark. This new architecture allows Apache Spark code to run directly in Snowflake warehouses. Snowflake Inc. (NYSE:SNOW) launched Snowpark Connect to address long-standing […]"
539,"Generative AI Digest: More AI Agents And More Funding In recent weeks, both OpenAI LLC and Amazon Web Services have made significant announcements related to AI agents. Read more here."
540,Nvidia earnings set to test AI trade with stocks near record highs: What to watch this week Nvidia earnings will test investor appetite for the AI trade as the stock market hovers at record highs.
541,"How Investors May Respond To Snowflake (SNOW) AI Optimism and Snowpark Connect Launch In recent days, analyst optimism surrounding Snowflake surged as major brokerages upgraded the company, citing robust demand for its AI-driven products and the public preview launch of Snowpark Connect for Spark, which enables direct execution of Apache Spark code within Snowflake warehouses. This momentum was further amplified by positive forecasts around Snowflake’s AI initiatives and expanding partnerships, signaling growing industry confidence in the companys evolving product..."
542,"Domo: It Could Be A Value Trap Domo stands out with no-code BI tools and strong cloud integrations, but weak moat, pricing pressure, and competition limit upside. Learn why DOMO stock is a hold."
543,"US Equity Investors to Look Out for Feds Preferred Inflation Data, Nvidias Earnings This Week US equity investors will focus on the Federal Reserves preferred inflation gauge and Nvidias quart"
544,"Nvidia, Alibaba, CrowdStrike, Snowflake, Inflation, and More to Watch This Week HP, Chewy, Alibaba, Best Buy, Dollar General, and more also will report earnings. On the economic front, we’ll see inflation numbers from several sources and a housing data release."
545,"Option Volatility And Earnings Report For Aug 25 – 29 It’s another reasonably quiet week for earnings in terms of the number of companies reporting, but we do have some highly anticipated releases from Nvidia (NVDA), Marvell Technology (MRVL), Snowflake (SNOW), Crowdstrike (CRWD) and Alibaba (BABA)."
546,"Fed Rate Cut Outlook Dents Wall Street Pre-Bell; Asia up, Europe Off Wall Street futures pointed moderately lower pre-bell Monday, as traders reviewed expectations that"
547,"Retail Investors Top Stocks With Q2 Earnings This Week: NVIDIA, Webull, IREN And More Investors are preparing for another eventful week of earnings reports, with several stocks popular among retail traders set to announce their results. Heres a look at some of the companies reporting this week that individual investors will be watching. NVDA stock is up 32% year-to-date. Check out the chart here. Monday, Aug. 25 Before Market Open: Chinese e-commerce company PDD Holdings Inc. (NASDAQ:PDD) will kick off the week with its second-quarter results set to be released before Mondays o"
548,"Does Snowflake (SNOW) have Significant Upside Potential? Burke Wealth Management, an investment management company, released its “Focused Growth Strategy” second-quarter 2025 investor letter. A copy of the letter can be downloaded here. The second quarter was marked by significant volatility. Against this backdrop, the strategy returned +15.9% in the quarter compared to +10.9% for the S&P 500 Index. In addition, please check […]"
549,"Stocks Decline Pre-Bell as Traders Brace for Key Inflation Report, Nvidia Earnings The benchmark US stock measures were tracking in the red before Mondays opening bell as traders awa"
550,"Buy, Sell or Hold Snowflake Stock? Key Tips Ahead of Q2 Earnings SNOWs fiscal second-quarter results are likely to reflect gains from an increasing clientele and an expanding partner base amid increasing competition."
551,"Equities Mixed Intraday as Markets Await Nvidia Earnings, Key Inflation Data US benchmark equity indexes were mixed after midday Monday as traders awaited the latest quarterly r"
552,"Snowflake Q2 Preview: Will AI Demand Keep the Story Alive? Street expects $0.27 EPS on $1.09?billion in product revenue as investors focus on product revenue, AI adoption, and profitability."
553,"Can Momentum in Cloud Data Market Drive Upside in SNOW Stock? Snowflake is set to gain from rising cloud analytics demand, with AI Data Cloud and Snowpark driving platform adoption and revenue growth."
554,Equities Fall as Wall Street Awaits Nvidia Earnings US equities declined Monday as Wall Street geared up for Nvidias (NVDA) results later in the week.
555,Snowflake Earnings: What To Look For From SNOW Cloud data platform provider Snowflake (NYSE:SNOW) will be reporting earnings this Wednesday after the bell. Here’s what investors should know.
556,"Talentica Software Achieves Snowflake Ready Technology Validation Talentica Software today announced that it has been approved by Snowflake, the Data Cloud company, as a Snowflake AI Data Cloud Services Select Tier, confirming that the companys Snowflake integrations adhere to the platforms best practices around performance, reliability, and security."
557,"Domo Unveils Enhanced Cloud Integration Upgrades for Snowflake SILICON SLOPES, Utah, August 25, 2025--Domo (Nasdaq: DOMO), the AI and Data Products platform, today announced enhanced cloud integration capabilities with Snowflake, the AI Data Cloud company, that enable users of all technical skill levels to work directly with their cloud data. Users can now query, load, and process data directly without moving or duplicating it, streamlining cloud data management for faster, actionable insights."
558,MongoDB Stock Soars After Earnings. Rumors of Software’s Demise Have Been Exaggerated. MongoDB’s latest earnings suggest the risk of losing database market share in the artificial-intelligence era might be overblown.
559,"Stocks Pressured as Bond Yields Climb and Chip Makers Slide The S&P 500 Index ($SPX ) (SPY ) today is down by -0.04%, the Dow Jones Industrials Index ($DOWI ) (DIA ) is up by +0.20%, and the Nasdaq 100 Index ($IUXX ) (QQQ ) is down by -0.32%. September E-mini S&P futures (ESU25 ) are down -0.03%, and September..."
560,NVDA: Nvidia Earnings Ahead Lift Stock Futures Higher Stock Futures Edge Higher as Nvidia Results Take Center Stage
561,"Wall Street Breakfast Podcast: Futures Flat Awaiting Nvidia Earnings Futures flat as traders await Nvidia earnings, Musks lawyers try to stop OpenAI, Cooks lawyer says shell sue."
562,"Nvidia earnings & comments from CEO Jensen Huang: What to Watch Market Domination Overtime host Josh Lipton takes a look at the top stories for investors to watch on Wednesday, Aug. 27. In the morning, Williams-Sonoma (WSM) and Abercrombie & Fitch (ANF) will report quarterly earnings results. In the afternoon, Nvidia (NVDA), CrowdStrike (CRWD), Snowflake (SNOW), and HPE (HPE) will report quarterly earnings results. Nvidia is reporting second quarter results, and analysts are anticipating better-than-expected results due to strong demand for its artificial intelligence (AI) chips. Investors will be listening for commentary on the companys ability to sell chips in China. Tune in to Yahoo Finance on Wednesday, Aug. 27 at 4:15 p.m. for special coverage of Nvidias quarterly results, followed by an exclusive interview with Nvidia CEO Jensen Huang at 6:40 p.m. To watch more expert insights and analysis on the latest market action, check out more Market Domination Overtime."
563,"Snowflake (SNOW) Teams Up With Domo for Enhanced Cloud Integration Capabilities Domos recent announcement of enhanced cloud integration capabilities with Snowflake (SNOW) could have played a role in shaping market perceptions over the past week. Snowflakes price experienced a modest decline of 1.8% amid these developments. Although this movement aligns closely with broader market trends that showed a flat performance, the companys collaboration with Domo underscores its ongoing commitment to improving user experience and data management. Meanwhile, broader tech..."
564,"CrowdStrike Is Set to Report Earnings. Can It End the Software Stock Slump? Snowflake  and  CrowdStrike  stocks will try to buck a software slump when they report earnings later this week.  Bulls might argue the fund is retesting a prior double bottom breakout, but in a worst-case scenario, the ETF could slide through $100 toward the round-number level near $90, which was the site of a former cup-with-handle breakout from a year ago.  CrowdStrike, a leading cybersecurity stock, is up 22% this year but has faced headwinds since mid-July, dropping on 21 of the last 33 trading sessions."
565,"BofA Securities Turns Bullish on Snowflake (SNOW) Ahead of Q2 Earnings Snowflake Inc. (NYSE:SNOW) is one of the Trending AI Stocks on Wall Street. On August 20, BofA Securities analyst Brad Sills upgraded the stock from Neutral to Buy with a price target of $240.00 (from $220.00). The firm has upgraded the stock based ahead of Snowflake’s August 27 earnings based on improving demand trends and […]"
566,"Snowflake Crushes Q2 Earnings: Why Im Still Not Buying Snowflake posts strong Q2 growth, driven by AI integration and expanding TAM. Despite solid execution, high valuations suggest caution for investors."
567,"Snowflake Inc. (SNOW) Q2 2026 Earnings Call Transcript Snowflake Inc. (NYSE:SNOW) Q2 2026 Earnings Conference Call August 27, 2025 5:00 PM ETCompany ParticipantsChristian Kleinerman - Executive Vice President of..."
568,"2 AI-Powered Cloud Platform Stocks in Focus After Solid Q2 Earnings MongoDB and Snowflake surged after beating Q2 estimates, as strong AI-driven demand powers cloud platform growth."
569,"Snowflake Rapidly Expanding Enterprise AI Footprint, Truist Says Snowflake (SNOW) is rapidly boosting its enterprise artificial intelligence footprint and is set to"
570,"Best Buy, Dollar General, Crowstrike: Trending Stocks Retailers Best Buy (BBY) and Dollar General (DG) report earnings, Crowdstrike (CRWD) in the spotlight and further details from Snowflake (SNOW) and Cracker Barrel (CBRL)."
571,Equity Markets Rise Intraday Ahead of Nvidia Earnings US benchmark equity indexes were higher intraday as traders awaited technology bellwether Nvidias (
572,Why Snowflake Stock Rocketed Higher Thursday Morning The cloud-based data storage and analysis specialist delivered a classic beat and raise.
573,"Citizens JMP Sees Continued Upside in Snowflake (SNOW), Maintains $260 PT Snowflake Inc. (NYSE:SNOW) is one of the AI Stocks Hit with New Analyst Ratings. On August 26, Citizens JMP analyst Joe Goodwin reiterated a Market Outperform rating on the stock with a $260.00 price target. The rating affirmation comes ahead of the company’s earnings print due today, August 27th. The firm collected 27 data points on […]"
574,"TD Cowen Expects Solid Beat as Snowflake (SNOW) Targets AI Market Share Snowflake Inc. (NYSE:SNOW) is one of the AI Stocks Analysts Are Tracking Closely. On August 21, TD Cowen analyst J. Derrick Wood reiterated a Buy rating on the stock with a $240.00 price target. The rating affirmation comes ahead of the company’s second-quarter earnings report due on August 27. The firm has highlighted “positive checks” in […]"
575,"SNOW: Snowflake Shares Take Off After Beat And Raise Quarter AI Cloud Leader Snowflake Surges on Solid Earnings, Bullish Outlook"
576,"Snowflake Stock Soars After Earnings. What’s Got Everyone Excited. Snowflake  reported second-quarter adjusted earnings of 35 cents a share from revenue of $1.14 billion.  Snowflake also said it expects third-quarter product revenue to be between $1.124 billion and $1.13 billion, compared with the consensus call for $1.121 billion.  For the year, Snowflake expects product revenue to be $4.4 billion."
577,"Top Midday Stories: Nvidia Shares Fall Despite Earnings Topping Estimates; Snowflake Shares Soar After Q2 Beat, Raised Guidance The Dow Jones and the S&P 500 were down in late-morning trading Thursday, while the Nasdaq Composite"
578,"Snowflake Stock Soars as AI Demand Boosts Results, Outlook Snowflake exceeded fiscal 2026 second-quarter estimates for profit and sales as more customers used its AI software."
579,"These Stocks Are Moving the Most Today: Nvidia, Snowflake, Pure Storage, CrowdStrike, Cooper, Nutanix, and More Nvidia and CrowdStrike fall after reporting earnings, while Snowflake and Pure Storage trade sharply higher."
580,"OneTrust Announces Speaker Lineup for TrustWeek 2025 US Cities OneTrust today announced the keynote and breakout session speaker lineup for its TrustWeek 2025 events in New York and San Francisco. TrustWeek is the companys flagship event, bringing leaders together to explore real-world solutions for responsible innovation — balancing speed, scale, and accountability in the age of AI. Attendees will hear from executives, experts, and practitioners at Fortune 500 companies about applying human-in-the-loop AI, streamlining privacy and risk workflows, and stay"
581,"Top Stock Movers Now: Hormel, Best Buy,  Snowflake, and More U.S. equities were mixed and little changed at midday as the market weighed more corporate earnings reports and the latest report on U.S. economic growth."
582,"Snowflake Well-Positioned to Capitalize on AI Use Case Acceleration, Wedbush Says Snowflake (SNOW) is well-positioned to capitalize on the significant acceleration of AI use cases ov"
583,"Snowflake Stock Scores a New Street-High Price Target After Beat & Raise Earnings SNOW stock hit a new 52-week high this morning after earnings, and Wall Street analysts think the stock can keep rising."
584,Is Palantir Technologies Stock a Buy? Is this high-flying AI stock worth the price of admission?
585,"Stocks to Watch Thursday: Nvidia, HP, CrowdStrike, Hormel ↘️ Nvidia (NVDA): The chip makers quarterly sales reached new record highs, but Nvidias lackluster outlook stoked worries about future demand. Shares inched lower. ↘️ TSMC (TSM), (TW:2330): Shares in Taiwan Semiconductor Manufacturing, a key Nvidia supplier, slipped 2."
586,"SNOW Q2 Deep Dive: AI Adoption and Cloud Partnerships Accelerate Growth Cloud data platform provider Snowflake (NYSE:SNOW) reported Q2 CY2025 results exceeding the market’s revenue expectations, with sales up 31.8% year on year to $1.14 billion. Its non-GAAP profit of $0.38 per share was 42.6% above analysts’ consensus estimates."
587,"Snowflake, Buffett & Japan firms, Best Buy: Trending Tickers Yahoo Finance Senior Reporter Allie Canal discusses some of the trending tickers for Thursday, Aug. 28, including Snowflake (SNOW), Warren Buffetts boosted stakes in Mitsubishi UFJ Financial Group (MUFG) and Sumitomo Mitsui Financial Group (SMFG), and Best Buy (BBY). To watch more expert insights and analysis on the latest market action, check out more Morning Brief."
588,"Wall Street Lunch: Economy Is Slowing, But Still Clearly Growing Lumber futuresÂ on edge of bear territory; Snowflake,Â HPÂ gaining post-earnings; U.S. GDP growthÂ revised higher."
589,"Q2 Growth Data, Nvidia Earnings in Focus as US Equity Futures Tread Water Pre-Bell US equity futures were flat ahead of Thursdays opening bell as traders digested quarterly earnings"
590,"Stock Market Today: Nasdaq Up As Pure Storage Triggers Breakaway Buy; Nvidia Cuts Losses, Hormel Dives (Live Coverage) The Dow Jones index slips in mixed trade Thursday following surprise GDP numbers and jobless claims. Nvidia stock drops after earnings."
591,"Palantir’s Rally Cools a Bit, But Is This Dip a Buying Opportunity? Even with the recent pullback, Palantir remains the year’s best performer in the S&P 500. Palantir’s price-sales ratio has skyrocketed and dwarfs its peers."
592,"Snowflake (SNOW) Updates Revenue Guidance With 25% Growth For FY 2026 Snowflake (SNOW) recently reported its second-quarter earnings, showing robust sales growth alongside reduced net losses, while also updating guidance for stronger third-quarter revenue and raising full-year projections. These announcements came as major stock indexes, including the S&P 500 and Nasdaq, hit record highs amid a tech sector rally, reflecting broad investor enthusiasm. Snowflakes recent strategic integration with Domo, enhancing data management capabilities, also aligns well..."
593,Why Is Datadog (DDOG) Stock Soaring Today Shares of cloud monitoring platform Datadog (NASDAQ:DDOG) jumped 5.8% in the morning session after positive sentiment swept through the cloud software sector following strong quarterly earnings from several of its peers.
594,Why Fastly (FSLY) Stock Is Up Today Shares of edge cloud platform Fastly (NYSE:FSLY) jumped 3.2% in the morning session after a wave of positive sentiment in the cloud sector as peer Snowflake (SNOW) posted strong quarterly results.
595,"Tesla, Snowflake, Amazon & NBCUniversal: Trending Tickers Yahoo Finance Head of News Myles Udland and Great Hill Capital chairman and managing member Thomas Hayes discuss some of the trending tickers on Thursday, Aug. 28, including Teslas (TSLA) declining Europe sales, Snowflakes (SNOW) upbeat outlook, and Amazons (AMZN) deal with NBCUniversal. To watch more expert insights and analysis on the latest market action, check out more Market Domination."
596,"IonQ (IONQ) Enhances Board With Industry Veterans William Teuber Jr. And Jim Frankola IonQ (IONQ) recently announced the appointment of William J. Teuber Jr. and Jim Frankola to its Board of Directors, bolstering its leadership with significant experience in finance and technology. Last week, IonQs stock experienced an 11% rise, aligning with broader market increases, as the S&P 500 reached record highs amid positive economic data and anticipation of potential interest rate cuts by the Federal Reserve. While major tech stocks like Nvidia and Snowflake also posted strong..."
597,"Stock Market Today: Nasdaq Up, S&P 500 Etches Record High As Lumentum Soars; Nvidia Ends Well Off Lows (Live Coverage) The Nasdaq leads upside with a moderate gain while the S&P 500 hits an all-time high. Nvidia trims losses bullishly; Pure Storage executes a breakaway gap."
598,"Snowflake Pops After Strong Q2, Guidance Lift on AI Demand Product revenue climbs 32% as customers lock in more deals"
599,"IndiGo Teams Up with Snowflake (SNOW) to Boost Operations Using AI Snowflake Inc. (NYSE:SNOW) is one of the best stocks to invest in, according to billionaire George Soros. On August 22, IndiGo announced its partnership with Snowflake to implement the AI Data Cloud, creating a unified and secure enterprise data hub. This strategic move empowers India’s largest airline to generate real-time insights, automate processes, and enhance […]"
600,"Social Buzz: Wallstreetbets Stocks Mostly Lower Pre-Bell Friday; Marvell Technology, Snowflake to Decline The most-talked-about stocks in the Reddit subforum Wallstreetbets were mostly lower hours before Fr"
