351,Hang Onto Your Stock Is Musks Message In Last-Minute Tesla Conference Hang Onto Your Stock Is Musks Message In Last-Minute Tesla Conference
352,"From Ford to Musk, the Perils of Trying to Build a Global Auto Empire From Ford to Musk, the Perils of Trying to Build a Global Auto Empire"
353,"BYD: Racing Ahead Despite Rising Risks BYD Company Limiteds stock soars 58% YTD, outpacing Tesla & Li Auto. Click for my updated look at BYDDF prospects following its battery-charging and FSD news."
354,"7 Reasons Tesla Could Be Nearing A Bullish Inflection Point After Brutal 2025 Start Tesla, Inc. stocks 42% YTD drop has sparked debateâwill projects like FSD, Robotaxi & cheaper EVs in China drive recovery? Click to see why I am bullish on TSLA."
355,"Wang Chuanfu, the BYD founder with a battery obsession From a certain perspective, this might have seemed like a rocky week for electric car maker BYD and its metallurgist-turned-billionaire founder..."
356,"Tesla is a hopes-and-dreams stock despite headwinds Tesla (TSLA) has experienced headwinds recently, with the stock dropping after five sessions of gains and the companys sales sliding in Europe. However, Craig Irwin, Roth Capital senior research analyst, joins Morning Brief to discuss the bull case for the stock. To watch more expert insights and analysis on the latest market action, check out more Morning Brief here."
357,"Tesla trades lower, UPSs new tool, Chewy earnings: Market Minute Here are some of the stocks on the move Wednesday afternoon. Tesla (TSLA) shares are snapping a 5-day winning streak. UPS (UPS) is launching a new global checkout tool that will allow users to see tariff and other costs upfront. Chewy (CHWY) shares are on the move after posting fourth quarter results that topped Wall Streets estimates.  Stay up to date on the latest market action, minute-by-minute, with Yahoo Finances Market Minute."
358,"The Zacks Analyst Blog Highlights Tesla, The Home Depot, Boston Scientific, Frequency Electronics and Bridger Aerospace Tesla, The Home Depot, Boston Scientific, Frequency Electronics and Bridger Aerospace are included in this Analyst Blog."
359,"Does Tesla (TSLA) have a Unique, Integrated Growth Trajectory? Nightview Capital, an investment management company that concentrates exclusively on publicly traded equity strategies released its fourth quarter 2024 investor letter. A copy of the letter can be downloaded here. This letter highlights five transformative trends that the firm is observing for 2025 and beyond, along with a review of key companies in the portfolio and […]"
360,"Investors react as Trump auto tariffs rattle markets Europe was braced to sell with the euro at three-week lows and German DAX futures down 0.8%. KYLE RODDA, SENIOR FINANCIAL MARKET ANALYST, CAPITAL.COM, MELBOURNE There are a lot of layers here. However, I think the big concern is that not only will these tariffs be disruptive and economically harmful, but it indicates that the Trump administrations shake-up of global trade wont necessarily end with next weeks April 2nd announcement of reciprocal tariffs, as previously hoped."
361,"Tesla Stock Is Plunging, but 1 Wall Street Analyst Thinks It Will Soar 855% in the Next 5 Years Tesla (NASDAQ: TSLA) is one of the worlds leading manufacturers of electric vehicles (EVs), but investors are currently more focused on products like its full self-driving software (FSD), Cybercab robotaxi, and Optimus robot, which could each be trillion-dollar platforms in the future.  Cathie Wood is the founder of Ark Investment Management, which operates exchange-traded funds (ETFs) filled with innovative technology stocks, and Tesla is the firms largest holding overall.  Last year, Ark released a report suggesting Tesla stock could soar to $2,600 by 2029 on the back of products like FSD and the Cybercab alone."
362,Large cryptocurrencies fall as Sui tumbles Large cryptocurrencies fall as Sui tumbles
363,"Suspect Arrested for Firebombing Teslas in Las Vegas Las Vegas police announced the arrest of a person accused of shooting at and throwing Molotov cocktails on multiple Tesla cars.  The Las Vegas Metropolitan Police Department arrested a suspect officials say firebombed five vehicles at a  Tesla  sales center last week.  Authorities said Thursday that  Paul Kim,  36 years old, shot at the vehicles and tossed Molotov cocktails at them, extensively damaging the cars."
364,Dow Jones Futures Fall With Feds Inflation Report Due; CoreWeave IPO Is Latest Bad Sign For AI Stocks Dow Jones Futures Fall With Feds Inflation Report Due; CoreWeave IPO Is Latest Bad Sign For AI Stocks
365,US auto tariffs help Chinese EVs to race ahead These are tricky times to be a big automaker — though less so if you’re Chinese. President Donald Trump’s planned 25 per cent tariffs on imported...
366,abrdn Global Dynamic Dividend Fund Q4 2024 Commentary The abrdn Global Dynamic Dividend Fund underperformed its benchmark over the three-month period ending 31 January 2025. Click here to read the full commentary.
367,"Why Fearful Investors Shouldn’t Take the VIXY ETF Bait You’ve probably heard of the VIX Index before—it’s often referred to as the market’s “fear gauge,” a symbolic barometer for uncertainty in the stock market. If you’re a more seasoned investor, you may have tried investing in one of its indirect proxies: the ProShares VIX Short-Term Futures ETF (VIXY). But here’s the thing: the VIX isn’t something to be traded casually or opportunistically. It’s usually better used as a signal or a tool rather than a trade or an investment. I’m bearish on VIXY ov"
368,"Tesla Rises Despite HSBC Cut; Wedbush Still Sees Bright Path Ahead HSBC slashes target to $130 citing weak sales and strategy risks, while Wedbush keeps bullish $550 outlook"
369,"Tesla shareholders furious with Elon Musk have 2 main options to advocate for change Launching a lawsuit against Musk is unlikely to work, says a legal scholar."
370,RBC Maintains Tesla Price Target Despite Forecasted Delivery Decline in First Quarter RBC Capital maintained its Outperform rating on Tesla with a $320 price target.
371,"Target slashes bonuses, Walmart holds the eggs, and cheaper Wegovy: Business news roundup Target has announced it will reduce bonuses for salaried employees due to weak consumer spending and inflationary pressures."
372,Major Tesla stock bull sounds alarm on major problem facing Elon Musk One analyst raises red flags as a threat looms over the automotive industry.
373,"Musk Rebuked in Wisconsin as Trump’s Florida Picks Avoid Upsets (Bloomberg) -- Elon Musk’s candidate faced a resounding loss in a Wisconsin judicial race despite the world’s richest man pouring millions into the campaign, while Republicans avoided upsets in two critical US House seats in Donald Trump’s home state of Florida.Most Read from BloombergWhat Frank Lloyd Wright Learned From the DesertMetro-North Is Faster Than Acela on NYC-New Haven Route After Signal UpdatesLondon Clears Final Hurdle for More High-Speed Trains to EuropeLocal Governments Vie for Fi"
374,"Tesla’s deliveries ‘disaster’ is a warning for Elon Musk: Focus on EVs, or else Tesla’s deliveries ‘disaster’ is a warning for Elon Musk: Focus on EVs, or else"
375,"Tesla set to report drop in Q1 deliveries on weak demand, Musk backlash Wall Street is bracing for Tesla to report a drop in first-quarter vehicle deliveries on Wednesday, but analysts and investors cannot agree on how bad the decline would be.  An average of 15 analysts who lowered their forecasts in the past 30 days expect deliveries to drop 3.7%, according to  Visible Alpha, but some analysts and investors termed it conservative and predicted as much as 12% slide.  CEO Elon Musk has pledged a return to growth after Teslas annual deliveries dipped last year, but waning demand for its aging line up of electric vehicles and a backlash against his political stance could make that promise a hard one to keep."
376,"Tesla: The impact of Elon Musks role in Trumps admin Tesla (TSLA) stock has reversed earlier losses that were fueled by first quarter deliveries missing estimates after reports that CEO Elon Musk will be stepping back from US politics. Stifel NextGen transport analyst Stephen Gengaro joins Josh Lipton, Investopedia editor in chief Caleb Silver, and Citi Wealth chief investment strategist and chief economist Steven Wieting to discuss how Elon Musks involvement in President Donald Trumps second administration has impacted Tesla. To watch more expert insights and analysis on the latest market action, check out more Market Domination here."
377,"EV Roundup: Q1 Deliveries of TSLA, RIVN, LI, XPEV & NIO in Focus While Tesla and Rivians first-quarter deliveries fall year over year, NIO, XPeng and Li Auto witness a surge in sales."
378,Tesla Is Looking to the Trump Administration for Tariff Relief. The EV maker recently joined Ford Motor in seeking relief as President Donald Trump prepares to implement tariffs that threaten to upend the global auto industry.
379,"Tesla Q1 sales hurt by Musk’s ‘polarizing politics,’ says Cantor Fitzgerald Cantor Fitzgerald says Tesla (TSLA) pre-announced that it delivered 336,681 vehicles in Q1, below the Bloomberg consensus of 377,590. Tesla also pre-announced that it had produced 362,615 vehicles in Q1, below the Visible Alpha consensus of 437,818 vehicles, the analyst tells investors in a research note. The firm says the company’s sales in Q1 were affected by weak demand in Europe and CEO Elon Musk’s “polarizing politics, among other reasons.” Cantor keeps an Overweight rating on the shares wi"
380,"Wedbush: Apple, Tesla, Nvidia in Crosshairs as Tariff Fallout Hits Markets Tariff-driven tech dip hits China-linked giants; Wedbush warns of earnings volatility but urges investors to look ahead"
381,"Rivian’s Q1 production, deliveries in-line with guidance, says Truist Rivian’s (RIVN) Q1 production and deliveries totaled 14,600 and 8,600, respectively, slightly ahead of the 14,000 and 8,000 guidance as it moves to build up inventory in the early part of the year ahead of its planned second half shutdown at Normal for the R2 expansion, Truist tells investors in a research note. The firm, which made no change to its Hold rating or $14 price target, says that while the numbers for Q1 were largely in-line with prior commentary and Street estimates, the shares and"
382,"Tesla: Wedbush positive for Elon Musks departure from DOGE Wedbush confirms its outperform rating on Tesla shares, along with its $550 target price , as according to press reports, Donald Trump has told his cabinet that Elon Musk will be leaving office..."
383,"Trumps Liberation Day: Whats Working In A Tariff Tantrum? Explore strong-performing sectors like oil & gas, waste management, and REITs while avoiding tariff-sensitive stocks. Click for my exclusive tariff picks."
384,Zacks Investment Ideas feature highlights: Tesla Tesla are part of the Zacks Investment Ideas article.
385,AP Top Extended Financial Headlines at 4:14 a.m. EDT Tesla sales fell in the first three months of the year in another sign that Elon Musks once high-flying electric car company is struggling to attract buyers
386,Tesla Faces Unprecedented Brand Damage Bloombergs Craig Trudell discusses the headwinds that have caused one analyst to further reduce estimates for the companys earnings. Trudell joins Caroline Hyde on Bloomberg Technology....
387,"Analyst Cuts Tesla (TSLA) Price Target Amid ‘Commoditized” FSD Product We recently published a list of 10 Stocks Everyone is Talking About After Trump’s New Tariffs. In this article, we are going to take a look at where Tesla Inc (NASDAQ:TSLA) stands against other stocks everyone is talking about after Trump’s new tariffs. Countries are beginning to react to President Donald Trump’s new reciprocal tariffs […]"
388,Elon Musk Out. Tesla Shaken. Washington Relieved. Musks wild ride inside Trumps White House is ending--and the fallout could hit Tesla investors hard.
389,"Nvidia, Tesla stocks plunge, leading another Magnificent 7 sell-off Nvidia and Tesla led megacaps lower on Friday as stocks continued to sell off amid a global trade war."
390,MGK: An Efficient Way To Capitalize On The Future Growth Of AI Vanguard Mega Cap Growth Index Fund ETF is a top pick for high-growth AI and tech exposure. MGK focuses on a smaller number of high-growth tech stocks. See more here.
391,"Tesla (NasdaqGS:TSLA) Q1 2025: 337K Deliveries 363K Production 10 GWh Energy Deployment In the past month, Tesla (NasdaqGS:TSLA) experienced a share price increase of 4%, coinciding with strong operational results from the first quarter of 2025, including the delivery of over 336,000 vehicles and production figures surpassing 362,000. During this period, broader market conditions were highly volatile, impacted by President Trump’s imposition of sweeping tariffs that have caused widespread declines in major indices like the Nasdaq. Despite this tumultuous backdrop, Teslas robust..."
392,"Report: Teslas Cybertruck Struggles With Sales, Quality Issues and Customer Backlash Vehicle deliveries dropped 13% in the first quarter of 2025, reaching 337,000 units."
393,3 things that must happen to get bullish about stocks again: JPMorgan It will take a lot for investors to get comfortable buying stocks again in the near term.
394,"Musk despises Navarro, architect of Trump’s trade war Investing.com -- Illustrating signs of cracks in the upper echelons of the Trump administration, Tesla (NASDAQ:TSLA) CEO and DOGE chief Elon Musk continues to lash out publicly at key Trump advisor and tariff architect Peter Navarro, calling him a moron."
395,Buying tech stocks now? Here are the biggest do’s and don’ts. Buying tech stocks now? Here are the biggest do’s and don’ts.
396,"Tesla Is Our Highest Conviction Long In The Tariff Fallout (Rating Upgrade) Explore why Tesla, Inc.s current valuation presents potential upside despite weak auto demand and tariff disruptions. Click for our updated look at TSLA prospects."
397,Cathie Wood is finally back to buying Nvidia’s stock for her flagship ETF Cathie Wood is finally back to buying Nvidia’s stock for her flagship ETF
398,"Stressful Markets, But Lots Of Opportunities In Tech Sara Awad from Tech Stock Pros returns to discuss market uncertainty, volatility, and the tech sector."
399,"Tesla Faces Heat From Weak Sales, Tariffs, and Musk Distractions Tesla faces pressure from falling demand, tariff threats, and competitive headwinds as analysts downgrade expectations"
400,"Tesla Stock (TSLA) Pain Set to Endure Under Elon Musk’s Leadership Tesla (TSLA) stock has hit a roadblock in the past three years, and investors are growing wary of CEO Elon Musk and his impact on Tesla’s brand. Earlier this month, the American electric vehicle (EV) giant reported 336,681 cars delivered in Q1 2025, representing a 13% year-over-year decline from Q1 2024. The figure missed analyst expectations of 370,000 vehicles and prompted a JPMorgan analyst to reiterate an Underweight rating on Tesla and express concerns over “unprecedented brand damage.” As"
