date,headline,source,summary
2024-10-18,Intuitive Surgical Stock Pops on Earnings Beat. What Wall Street Thinks of the Results.,Yahoo,"Intuitive Surgical  stock charged higher after the pioneer of robotic-assisted surgery turned in a strong set of earnings.  Intuitive Surgical stock gained 8.8% to $515.58 in late morning trading, on track for an all-time high, according to Dow Jones Market Data.  For its third quarter, the company reported adjusted earnings of $1.84, beating Wall Street’s call for $1.64, according to FactSet."
2024-10-18,"Intuitive Surgical Q3 Earnings Beat, Procedures Robust",Yahoo,ISRGs third-quarter results reflect a healthy demand for procedures. Higher pricing boosts procedure sales. An improvement in margins buoys well.
2024-10-18,Intuitive Surgical Third-Quarter Results Top Street Views Amid Procedure Volume Gains,Yahoo,Intuitive Surgical Third-Quarter Results Top Street Views Amid Procedure Volume Gains
2024-10-19,Intuitive Surgical (ISRG): Financial Growth Fueled by AI-Driven Da Vinci Systems,Yahoo,"We recently published a list of 10 Best Medical Stocks to Buy Now. In this article, we are going to take a look at where Intuitive Surgical, Inc. (NASDAQ:ISRG) stands against other best medical stocks to buy now. Navigating the Healthcare Landscape: Investment Opportunities and Growth Trends The medical and healthcare industry is one of […]"
2024-10-19,Intuitive Surgical stock moves higher on Q3 earnings beat,Yahoo,"Intuitive Surgical (ISRG) soars by over 10% in Friday trading after the biotech and medical robotics developer topped third quarter earnings estimates. Market Domination co-hosts Julie Hyman and Josh Lipton notes ISRGs year-to-date gains of nearly 55% in 2024. To watch more expert insights and analysis on the latest market action, check out more Market Domination here. This post was written by Luke Carberry Mogan."
2024-10-19,Intuitive Surgical price target raised to $525 from $475 at Stifel,Yahoo,"Stifel analyst Rick Wise raised the firm’s price target on Intuitive Surgical (ISRG) to $525 from $475 and keeps a Buy rating on the shares. The company delivered “strong” Q3 results and the two most critical quarterly line-items – DV5 placements and procedure growth – both exceeded expectations, the analyst tells investors in a post-earnings note. Seven months following the U.S. da Vinci 5 approval, Intuitive is already generating meaningful post-launch growth momentum and early DV5 uptake is t"
2024-10-19,"AI Leaders Broadcom, SentinelOne Lead 5 Stocks Near Buy Points",Yahoo,"The top stocks to watch tap several hot trends: artificial intelligence, natural foods, robotic surgeries and podcasts."
2024-10-21,Intuitive Surgical: The Da Vinci Code,Finnhub,"Intuitive Surgical, world leader in robot-assisted surgery, recently published its financial results for the third quarter of 2024. The company is once again surprising on the upside, and seems to..."
2024-10-23,Intuitive Surgical (ISRG) Is Considered a Good Investment by Brokers: Is That True?,Yahoo,"Based on the average brokerage recommendation (ABR), Intuitive Surgical (ISRG) should be added to ones portfolio. Wall Street analysts overly optimistic recommendations cast doubt on the effectiveness of this highly sought-after metric. So, is the stock worth buying?"
2024-10-23,"Thermo Fisher Q3 Earnings Top Estimates, Revenues Miss, Stock Dips",Yahoo,"In the third quarter of 2024, TMO continued to advance its growth strategy and trusted partner status with customers."
2024-10-28,Intuitive Surgical Inc. stock underperforms Monday when compared to competitors,MarketWatch,Intuitive Surgical Inc. stock underperforms Monday when compared to competitors
2024-10-30,Intuitive Surgical Inc. stock underperforms Wednesday when compared to competitors,MarketWatch,Intuitive Surgical Inc. stock underperforms Wednesday when compared to competitors
2024-11-01,Intuitive Surgical Inc. stock underperforms Friday when compared to competitors despite daily gains,MarketWatch,Intuitive Surgical Inc. stock underperforms Friday when compared to competitors despite daily gains
2024-11-01,Healthcare Investing Finding Growth Beyond Pharmaceuticals,SeekingAlpha,"Companies that manufacture diagnostics, technology and equipment to address the worldâs most pressing medical issues have become increasingly important for progress in the healthcare sector."
2024-11-06,Tracking Baillie Giffords 13F Portfolio - Q3 2024 Update,SeekingAlpha,"Baillie Giffords diverse $134B portfolio sees stake increases in high-growth companies like Shopify, Sea Ltd., and Microsoft."
2024-11-08,Wall Street Analysts Think Intuitive Surgical (ISRG) Is a Good Investment: Is It?,Yahoo,"The average brokerage recommendation (ABR) for Intuitive Surgical (ISRG) is equivalent to a Buy. The overly optimistic recommendations of Wall Street analysts make the effectiveness of this highly sought-after metric questionable. So, is it worth buying the stock?"
2024-11-12,Will ISRG Stock Continue Its Uptrend After Gaining 9.9% in a Month?,Yahoo,Intuitive Surgical has maintained an uptrend so far this year on the back of robust da Vinci portfolio performance. The stock also gained during the past month. Lets see if the trend might change.
2024-11-14,J&J MedTech wins IDE for Ottava to greenlight trials for surgical robot,Yahoo,J&J MedTech is aiming to disrupt a robotic surgical market dominated by Intuitive’s Da Vinci systems.
2024-11-14,"Intuitive Surgical: One Of The Best Business Models In The World, But Not At This Price",SeekingAlpha,Intuitive Surgicals business model thrives on recurring revenue from disposable instruments and maintenance. Find out my recommendation for ISRG stock.
2024-11-14,Tracking Jeremy Granthams GMO Capital Portfolio - Q3 2024 Update,SeekingAlpha,GMOâs 13F portfolio increased to $31.91B in Q3 2024. Click here to read more about the holdings and trades of GMO Capital Portfolio.
2024-11-14,BlackRock Global Equity Market Neutral Fund Q3 2024 Commentary,SeekingAlpha,"The fund posted returns of 1.47%Â (Institutional shares) and 1.40% (Investor A shares, without sales charge) for the third quarter of 2024."
2024-11-18,Is Intuitive Surgical (ISRG) Outperforming Other Medical Stocks This Year?,Yahoo,"Here is how Intuitive Surgical, Inc. (ISRG) and Atossa Genetics Inc. (ATOS) have performed compared to their sector so far this year."
2024-11-26,Reasons to Retain Intuitive Surgical Stock in Your Portfolio Now,Yahoo,ISRGs strength in robotics continues to raise optimism among investors.
2024-11-27,Thankful Investors - Last 20 Years,SeekingAlpha,"AI chipmaker Nvidia has easily been the best-performing stock over the last twenty years, and it has made a large number of investors extremely wealthy."
2024-12-03,"Intuitive Surgical Inc. stock rises Monday, still underperforms market",MarketWatch,"Intuitive Surgical Inc. stock rises Monday, still underperforms market"
2024-12-04,These are the sectors investors need to watch,Yahoo,"Pointwealth Capital Management CEO & Founder Sandra Cho joins Wealth to discuss her top stock picks across energy, aviation, and healthcare sectors. In the energy sector, Cho highlights Chevron (CVX) and ExxonMobil (XOM), emphasizing that they really have valuation potential. She is closely watching companies like Boeing (BA), which she notes has taken a hit recently. In healthcare, she points to Intuitive Surgical (ISRG) as a stock that has been a favorite of ours for quite a while. Regarding Boeing, Cho believes the company has overcome significant challenges, including safety concerns and strikes. With these issues now in the rearview mirror, she sees the airplane manufacturer focusing on cleaning up its operations and addressing production challenges. I do feel that theyre on the path to do that, and if they continue that, then that potentially could be very good for the stock, she added. Cho finds the biotech space particularly exciting, highlighting the increased innovation, especially in minimally invasive implants. These are things that are just revolutionary, she remarked. Cho anticipates significant growth in the energy sector driven by AIs increasing energy demands. As artificial intelligence expands, it will require an immense amount of energy, positioning the energy sector to benefit substantially from this trend. To watch more expert insights and analysis on the latest market action, check out more Wealth here. This post was written by Angel Smith"
2024-12-09,Are Options Traders Betting on a Big Move in Intuitive Surgical (ISRG) Stock?,Yahoo,Investors need to pay close attention to Intuitive Surgical (ISRG) stock based on the movements in the options market lately.
2024-12-10,Intuitive’s da Vinci beats non-robotic surgeries in cancer study meta-analysis,Yahoo,"Rates of postoperative complications, readmissions and death were lower after robotic surgeries than laparoscopic and open procedures."
2024-12-14,"Best Way To Invest $100,000: Build An 8-Stock Portfolio For Growth And Value",SeekingAlpha,Learn how to maximize returns by focusing on high-conviction stocks across diverse sectors and using proven investment strategies.
2024-12-17,Prediction: 2 Stocks Thatll Be Worth More Than Palantir 5 Years From Now,Yahoo,"Palantir Technologies (NASDAQ: PLTR) is the hands-down winner.  Thanks to this impressive performance, Palantirs market cap now hovers around $165 billion.  Here are two stocks I predict will be worth more than Palantir five years from now."
2024-12-18,The Gabelli Growth Fund Q3 2024 Commentary,SeekingAlpha,The Gabelli Growth Fund (class I) returned 0.87% for the third quarter of 2024. Click here to read the full commentary.
2024-12-19,Intuitive Surgical price target raised to $640 from $570 at Truist,Yahoo,Truist analyst Richard Newitter raised the firm’s price target on Intuitive Surgical (ISRG) to $640 from $570 and keeps a Buy rating on the shares as part of a broader research note previewing 2025 in Medical Technology. The firm sees the sector as “one of the better/safer houses” in healthcare given its lower “front-line” exposure to healthcare policy rhetoric that is tied to the administration change as well as its position as an “innovation segment” with sustainable above-average revenue and
2024-12-23,Tracking Philippe Laffonts Coatue Management Portfolio - Q3 2024 Update,SeekingAlpha,Coatue Managements 13F portfolio increased from $25.69B to $26.92B. Click here for a detailed analysis.
2024-12-26,Healthcare: Why the sector underperformed in 2024,Yahoo,"The healthcare sector (XLV) faced significant challenges in the markets throughout 2024, becoming the worst-performing S&P 500 (^GSPC) sector of the year. Yahoo Finance Senior Health Reporter Anjalee Khemlani analyzes the key market themes that influenced the sector this year and examines investor sentiment heading into 2025 — with a detailed look at leading stocks across pharmaceutical, biotechnology, and other healthcare segments. To watch more expert insights and analysis on the latest market action, check out more Catalysts here. This post was written by Angel Smith"
2024-12-28,Morgan Stanley Sees Potential Growth in These 2 Surgical Robotic Stocks,Yahoo,"In recent years, there has been a noted increase in the rates of chronic disease, as well as a growth in the number of surgical procedures. Let’s be clear: an increase in the incidence of chronic disease is a worrisome development. It does mean, however, that there will be a growing need for advances in the field of medical science as researchers look for new treatment options. That dynamic is part of the growth in surgical procedures, as new methods of surgical intervention come into use to tre"
2024-12-31,The MaM Portfolio: Full Year 2024 Update - 2 Years Of Alpha,SeekingAlpha,Financial writer achieving consistent alpha over S&P 500 with a concentrated portfolio of high quality companies and some Bitcoin holdings.
2025-01-03,Intuitive Surgical Inc. stock underperforms Thursday when compared to competitors despite daily gains,MarketWatch,Intuitive Surgical Inc. stock underperforms Thursday when compared to competitors despite daily gains
2025-01-06,Healthcare Stocks Are Down and Out. Opportunities Abound.,Yahoo,"Donald Trump’s election win prompted even more bullishness in a stock market that was already up significantly for the year.  For healthcare investors, though, it represented yet another reason to dump some stock.  Trump’s appointment of industry skeptics like  Robert F. Kennedy Jr.,  alongside broader expectations of a Republican crackdown on programs like Medicaid and Obamacare, has prompted a selloff in everything from hospitals to pharmaceuticals, health insurers and biotech."
2025-01-07,ClearBridge Large Cap Growth Strategy Q4 2024 Commentary,SeekingAlpha,"In a period of momentum-driven returns and bullish investor sentiment sparked by the re-election of Donald Trump, the more defensively positioned Strategy underperformed."
2025-01-08,The Easy Money Has Been Made in Options. What to Do Now.,MarketWatch,The Easy Money Has Been Made in Options. What to Do Now.
2025-01-15,Intuitive Announces Preliminary Fourth Quarter and Full Year 2024 Results,Finnhub,"SUNNYVALE, Calif., Jan. 15, 2025 -- Intuitive , a global technology leader in minimally invasive care and the pioneer of robotic-assisted surgery, today announced certain unaudited preliminary..."
2025-01-20,Intuitive Surgical: Second Half 2025 Guidance Is Critical To Maintaining Current Euphoria,SeekingAlpha,"Intuitive Surgicals strong revenue growth and new product rollouts drive share price surge, but investors should be cautious of extreme valuation. Read my ISRG review."
2025-01-20,IYH: Healthcare Dashboard For January,SeekingAlpha,iShares U.S. Healthcare ETF has higher fees and lower performance. See why IYH is a top choice and learn about 10 cheaper healthcare stocks this January.
2025-01-21,Intuitive to Establish Direct Presence in Europe With Acquisition,Finnhub,"By Connor Hart Intuitive Surgical is buying out its technology distributors in Europe. The Sunnyvale, Calif., medical-technology company on Tuesday said it has entered an agreement with Ab..."
2025-01-24,Dow Jones Falls After Inflation Data; 5 Tech Giants To Buy And Watch,DowJones,Dow Jones Falls After Inflation Data; 5 Tech Giants To Buy And Watch
2025-01-24,"Dow Jones Futures: S&P 500 Hits High; New Tesla Model Y Launches In U.S., Europe",DowJones,"Dow Jones Futures: S&P 500 Hits High; New Tesla Model Y Launches In U.S., Europe"
2025-01-25,"Stock Market Today: Indexes Close Near Days Lows; Nvidia Ends Winning Streak, Tesla Reverses Lower (Live Coverage)",DowJones,"Stock Market Today: Indexes Close Near Days Lows; Nvidia Ends Winning Streak, Tesla Reverses Lower (Live Coverage)"
2025-01-27,Intuitive Announces $45 Million Donation to the Intuitive Foundation to Promote Health and Advance Education,Finnhub,"Latest donation brings total contribution to more than $170 millionSUNNYVALE, Calif., Jan. 27, 2025 -- Intuitive , a global technology leader in minimally invasive care and the pioneer of..."
2025-02-11,Top Robotics Companies Transforming The Industry In 2025,SeekingAlpha,"The robotics industry is experiencing an unprecedented transformation driven by advancements in artificial intelligence, automation, and machine learning."
2025-02-14,Tracking Jeremy Granthams GMO Capital Portfolio - Q4 2024 Update,SeekingAlpha,GMOs portfolio update highlights key stock adjustments and forecasts a promising 9.6% return for International Deep Value assets. See more here.
2025-02-16,The Ultimate Healthcare Robotics Stock to Buy With $600 Right Now,Yahoo,"What is the da Vinci surgical robot?  As mentioned, Intuitive is the maker of the da Vinci, a robotics system used for many minimally invasive procedures, from hernia repair to hysterectomy and gastric bypass surgeries, just to name a few.  The latest version, the da Vinci 5, has been used for more than 40 different procedure types so far."
2025-02-19,Why 2025 is a key year for the surgical robotics market,Yahoo,"Long-time dominator of robotic surgery, Intuitive, is facing a US challenge in the form of Medtronic’s Hugo."
2025-02-20,Intuitive Surgical is Known for Selling $1 Million Surgical Robots. But Heres How it Actually Makes Most of its Revenue.,Yahoo,"Intuitive Surgical (NASDAQ: ISRG), best known for its flagship da Vinci robot, is the global leader in the robotic surgery market.  The da Vinci, available in several versions including the latest da Vinci 5, generates billions of dollars of revenue annually, and this performance has helped the companys stock soar over the near term and the long term.  Considering da Vinci models cost more than $1 million, you would expect this robotic surgery giant to generate most of its revenue through the sales of these platforms."
2025-02-22,Stock-Split Watch: Is Intuitive Surgical Next?,Yahoo,"Investors are always on the lookout for the next stock split -- for a couple of reasons.  How do you identify the next potential stock-split company?  Today, one that could be next on the list is Intuitive Surgical (NASDAQ: ISRG), the worlds leading robotic surgery company."
2025-02-25,Hartford Healthcare Fund Q4 2024 Commentary,SeekingAlpha,The Hartford Healthcare Fund (I share) underperformed the S&P Composite 1500 Health Care Index during the quarter. Read more here.
2025-02-25,"Intuitive Surgical, Inc. (ISRG) Stock Moves -0.13%: What You Should Know",Yahoo,"In the latest trading session, Intuitive Surgical, Inc. (ISRG) closed at $591.01, marking a -0.13% move from the previous day."
2025-02-26,"Li Auto, PayPal, Intuitive Surgical: Market Minute",Yahoo,"Yahoo Finance Host Brad Smith examines the top stories impacting investors as part of todays Market Minute. Li Auto (LI) shares surge after the Chinese automaker unveiled its first all-electric SUV. PayPal Holdings (PYPL) stock is in focus after the fintech company provided insight into its earnings expectations at its investor day Intuitive Surgical (ISRG) shares are under pressure, extending losses for the fourth consecutive day as investors weigh tariff impacts. Stay up to date on the latest market action, minute-by-minute, with Yahoo Finances Market Minute. This post was written by Naomi Buchanan."
2025-02-26,"Trump Tariff Fears Dent Intuitive Surgical Stock, But Shares Remain In Base",Yahoo,Intuitive Surgical sits in a flat base with a Relative Strength Rating at a high level on its weekly chart.
2025-02-26,Brokers Suggest Investing in Intuitive Surgical (ISRG): Read This Before Placing a Bet,Yahoo,"The average brokerage recommendation (ABR) for Intuitive Surgical (ISRG) is equivalent to a Buy. The overly optimistic recommendations of Wall Street analysts make the effectiveness of this highly sought-after metric questionable. So, is it worth buying the stock?"
2025-02-28,Under The Microscope: Looking For Opportunity Among Healthcares Underperformers,SeekingAlpha,"Many stocks in the healthcare sector have trailed the wider markets, but are there pockets of opportunity? TD Asset Managements Ram Sampath discusses."
2025-03-02,"Jim Cramer on Intuitive Surgical, Inc. (ISRG): ‘Put That One on the Buy List’",Yahoo,"We recently published a list of Jim Cramer Said These 13 Stocks Can Hold Their Value Amid Tariffs. In this article, we are going to take a look at where Intuitive Surgical, Inc. (NASDAQ:ISRG) stands against other stocks that Jim Cramer discussed. Jim Cramer, the host of Mad Money, on Thursday, shared his thoughts on […]"
2025-03-05,Nvidias CEO Said The Robotics Era Is Coming. This Company Looks To Lead It.,DowJones,Nvidias CEO Said The Robotics Era Is Coming. This Company Looks To Lead It.
2025-03-10,Why Intuitive Surgical Is A Sell Despite Monopoly-Like Business,SeekingAlpha,Discover why Intuitive Surgicals monopoly-like position is under threat from emerging competitors like Medtronic and J&J. Explore more details here.
2025-03-11,BMEZ: Recession Fears Making You Sick? Buy This High-Yield Healthcare Fund,SeekingAlpha,BlackRock Health Sciences Term Trust is a top pick for high-yield dividends in healthcare. Click here to find out why BMEZ stock is a Buy.
2025-03-13,2 Large-Cap Stocks with Solid Fundamentals and 1 to Avoid,Yahoo,"Large-cap stocks have the power to shape entire industries thanks to their size and widespread influence. With such vast footprints, however, finding new areas for growth is much harder than for smaller, more agile players."
2025-03-18,"Intuitive Surgical, Inc. (ISRG): The Best Biotech Stock to Buy According to Billionaires",Yahoo,"We recently compiled a list of the 15 Best Biotech Stocks to Buy According to Billionaires. In this article, we are going to take a look at where Intuitive Surgical, Inc. (NASDAQ:ISRG) stands against other best biotech stocks. Although biotech stocks had a “challenging” year in 2024, JPMorgan believes that some of the industry’s companies […]"
2025-03-18,The best areas in the market for retail investors,Yahoo,"Dakota Wealth Management senior portfolio manager Robert Pavlik joins Wealth host Brad Smith to discuss how retail investors should focus on high-quality companies with strong management and stability, especially during uncertain times. Pavlik suggests Boston Scientific (BSX), Intuitive Surgical (ISRG), and Fair Isaac (FICO) as solid long-term investments. To watch more expert insights and analysis on the latest market action, check out more Wealth here."
2025-03-18,Prediction: These 2 Stocks Will Outperform the Market Through 2030,Yahoo,"The more we extend our horizon, the more likely it is that stocks will provide juicy returns.  Leading drugmaker Amgen could have several growth drivers through the end of the decade.  Tepezza remains the only treatment for TED approved in the U.S., and Amgen has also been launching it in other countries."
2025-03-19,"Intuitive Surgical, Inc. (ISRG) Stock Moves -0.99%: What You Should Know",Yahoo,"Intuitive Surgical, Inc. (ISRG) reachead $483.95 at the closing of the latest trading day, reflecting a -0.99% change compared to its last close."
2025-03-21,Tracking Philippe Laffonts Coatue Management Portfolio - Q4 2024 Update,SeekingAlpha,"Coatue Managements 13F portfolio increased from $26.92B to $29.68B. Read here for latest updates like new stakes, top holdings, and major changes in tech giants."
2025-03-27,Peer-Reviewed Studies on Intuitive’s Force Feedback Technology Demonstrate its Potential to Reduce Force on Tissue and Enhance Surgeon Performance,Yahoo,"SUNNYVALE, Calif., March 27, 2025 (GLOBE NEWSWIRE) -- Intuitive (NASDAQ: ISRG), a global leader in minimally invasive care and the pioneer of robotic-assisted surgery, announced the publication of two peer-reviewed studies in Surgical Endoscopy, on its first-of-its-kind Force Feedback technology incorporated in the da Vinci 5 surgical system. Force Feedback technology allows surgeons to feel the forces applied to tissue during surgery, such as pushing and pulling. These studies - conducted in th"
2025-03-31,TransMedics: The Financial Tipping Point That Will Drive Mass Adoption,SeekingAlpha,TransMedics NOP advances organ transplantation with improved outcomes & cost reductions. See why I rate TMDX stock a strong buy right now.
2025-04-02,2 Unstoppable Stocks That Could Grow More Than 200% in 10 Years,Yahoo,"Netflix (NASDAQ: NFLX) and Intuitive Surgical (NASDAQ: ISRG) are leaders in their respective industries, and have produced market-beating returns over long periods.  Netflix is a pioneer in the streaming industry, but it now faces a very different landscape than it did in the 2010s when its stock produced life-changing results.  Netflix estimates a $650 billion revenue opportunity where it does business, and its barely scratched the surface of this large market."
2025-04-03,Worried About the Economy? 2 No-Brainer Buys to Shield Your Portfolio.,Yahoo,"The Nasdaq Composite (NASDAQINDEX: ^IXIC) and the S&P 500 (SNPINDEX: ^GSPC) sank, shifting in and out of correction territory in the first quarter of the year for one big reason: investors have been worried about the economy.  President Donald Trump is putting tariffs on imports, and economists predict this could lead to higher inflation and a slowdown in growth.  Healthcare companies, for example, may excel since people need their medicines or procedures regardless of the economic backdrop."
2025-04-06,"Down 18%, Should You Buy the Dip on Intuitive Surgical Stock?",Yahoo,"Intuitive Surgical (NASDAQ: ISRG) was a pioneer in minimally invasive robotic-assisted surgery technology, and its leadership in the field has long been a key edge for the company.  At the time of this writing, global economic concerns and Intuitive Surgicals mixed outlook have caused shares of the medical device giant to drop by about 18% from the all-time high they set in January.  Surgeons performed nearly 2.7 million procedures using Intuitive Surgicals da Vinci system in 2024 alone -- twice as many as five years ago."
2025-04-09,These 7 Stocks Are Analyst Favorites For Magnificent Earnings Growth,DowJones,These 7 Stocks Are Analyst Favorites For Magnificent Earnings Growth
2025-04-09,2 High-Flying Stocks with Exciting Potential and 1 to Ignore,Yahoo,"You get what you pay for often applies to expensive stocks with best-in-class business models and execution. While their quality can sometimes justify the premium, they typically experience elevated volatility during market downturns when expectations change."
2025-04-10,Intuitive Surgical (ISRG) Moves 14.3% Higher: Will This Strength Last?,Yahoo,Intuitive Surgical (ISRG) saw its shares surge in the last session with trading volume being higher than average. The latest trend in earnings estimate revisions could translate into further price increase in the near term.
2025-04-12,Why Intuitive Surgical (ISRG) Is Among the Best Medical Stocks to Buy According to Billionaires,Yahoo,"We recently published a list of 10 Best Medical Stocks to Buy According to Billionaires. In this article, we are going to take a look at where Intuitive Surgical, Inc. (NASDAQ:ISRG) stands against other best medical stocks to buy according to billionaires. Why are Healthcare Stocks Under Pressure? Some experts view medical, healthcare, and big […]"
2025-04-22,Tesla kicks off Mag 7 results as earnings season picks up speed,MarketWatch,Tesla kicks off Mag 7 results as earnings season picks up speed
2025-04-24,"Stocks to Watch Recap: IBM, Shopify, Intuitive Surgical, Boeing",Yahoo,"? After-Hours Earnings: Shares of IBM, Chipotle Mexican Grill and Las Vegas Sands fell in afterhours trading following post-close earnings announcements. Shares of Texas Instruments, ServiceNow and Whirlpool rose in response to their postmarket earnings."
2025-04-27,2 Growth Stocks to Buy on the Dip if the Market Crashes Again,Yahoo,"Earlier this month, the S&P 500 index quickly sank more than 10% after President Donald Trump unveiled tariff rules that threatened the U.S. economy.  The White House held firm to its commitment for nearly a week before the bond market started to crack and a tariff pause was implemented.  The stock market has recovered somewhat, because now we know theres a limit to the amount of economic devastation the present administration is willing inflict in its attempt to bring back manufacturing jobs and force other countries to do what it wants."
2025-04-28,"Intuitive Surgical, Inc. (ISRG): Among Billionaire Ken Fisher’s Healthcare Stock Picks with Massive Upside Potential",Yahoo,"We recently published a list of Billionaire Ken Fisher’s 10 Healthcare Stock Picks with Massive Upside Potential. In this article, we are going to take a look at where Intuitive Surgical, Inc. (NASDAQ:ISRG) stands against other Billionaire Ken Fisher’s healthcare stock picks with massive upside potential. The healthcare industry, an essential component of global well-being […]"
2025-04-30,How to Play Defense in the Market if You’re Worried About a Recession,MarketWatch,How to Play Defense in the Market if You’re Worried About a Recession
2025-05-01,"If A Recession Hits, Will Medical Stocks Be A Safe Haven For Investors — Again?",Yahoo,Medical stocks could see a resurgence if the economy hits a speed bump due to tariffs. But which health care stocks are worth watching?
2025-05-02,"Jim Cramer on Intuitive Surgical, Inc. (ISRG): ‘As Relevant As Ever’",Yahoo,"We recently published an article titled Jim Cramer Listed 20 Best Performing Stocks of the Last 20 Years. In this article, we are going to take a look at where Intuitive Surgical, Inc. (NASDAQ:ISRG) stands against the other stocks. Discussing two decades of Mad Money, Jim Cramer took a moment to highlight the top-performing stocks since […]"
2025-05-03,Prediction: 2 Stocks Will Be Worth More Than Palantir Technologies in 2026,Yahoo,"Palantir is currently worth $269 billion, but certain Wall Street analysts think Intuitive Surgical and ServiceNow can top that figure in 2026.  ServiceNow is a leader in IT service management and IT operations software, and recently released AI products are driving revenue growth.  Intuitive Surgical is a technology leader in robotics-assisted surgical systems, and it recently won new approvals from the FDA."
2025-05-05,Stock Market Selloff: 4 No-Brainer Stocks to Buy Right Now,Yahoo,Now may be a smart time to buy small stakes in these fundamentally robust companies.
2025-05-06,2 Stocks I Cant Wait to Buy During the Next Market Correction,Yahoo,"Intuitive Surgicals lead in the robot-assisted surgery niche appears unassailable.  Sportradar Group is the leading data provider in a rapidly growing market for sports-related information.  Investors never know when the next market correction -- a drop of from 10% to 20% in an index -- is coming, but we know that it will eventually happen."
2025-05-14,BlackRock Health Sciences Opportunities Fund Q1 2025 Commentary,SeekingAlpha,"BlackRock Health Sciences Opportunities Fund posted returns of 3.66% (Institutional shares) and 3.60% (Investor A shares, without sales charge) for the first quarter of 2025."
2025-05-14,IXJ: Healthcare Sector Dashboard For May,SeekingAlpha,"This article provides a top-down analysis of the healthcare sector using value, quality, and momentum metrics. Read the full analysis here on Seeking Alpha, updated for May 2025."
2025-05-23,Why Is Penumbra (PEN) Down 10.6% Since Last Earnings Report?,Yahoo,Penumbra (PEN) reported earnings 30 days ago. Whats next for the stock? We take a look at earnings estimates for some clues.
2025-05-27,3 Nasdaq 100 Stocks to Research Further,Yahoo,"The Nasdaq 100 (^NDX) is packed with high-growth companies, and while the market is competitive, some are pulling ahead. A handful of standout businesses are continuing to scale, delivering strong financials and market leadership."
2025-05-29,ISRG vs. MDT: Which Robotic Surgery Stock Is a Smarter Buy Now?,Yahoo,Intuitive Surgical or Medtronic -- who leads the future of robotic surgery? Heres a comparative analysis to help you make a smart choice for 2025.
2025-05-30,2 Profitable Stocks Worth Investigating and 1 to Think Twice About,Yahoo,"A company with profits isn’t always a great investment. Some struggle to maintain growth, face looming threats, or fail to reinvest wisely, limiting their future potential."
2025-06-09,Intuitive Surgical Stock Falls. The MedTech Company Gets Its First Sell Rating.,Yahoo,Deutsche Bank is the first group on Wall Street to issue a Sell rating on shares of Intuitive Surgical.
2025-06-10,3 Monster Stocks -- including Nvidia -- to Hold for the Next 10 Years,Yahoo,Nvidia has been growing by an average of more than 70% annually.  Intuitive Surgical is the 800-pound gorilla in the robotic surgery world.  Microsoft is huge and getting bigger -- while paying a dividend.
2025-06-10,Should You Invest in Intuitive Surgical (ISRG) Based on Bullish Wall Street Views?,Yahoo,"The average brokerage recommendation (ABR) for Intuitive Surgical (ISRG) is equivalent to a Buy. The overly optimistic recommendations of Wall Street analysts make the effectiveness of this highly sought-after metric questionable. So, is it worth buying the stock?"
2025-06-10,Health Care Down on Medicaid Fears -- Health Care Roundup,Finnhub,"Health-care companies ticked down amid concerns about potential changes to Medicaid. Drug giant Merck said a new cholesterol-lowering pill worked well in two late-stage trials, boosting the stock..."
2025-06-11,"ISRG Margin Outlook Dips on Tariffs, Demand Signals Stay Strong",Yahoo,"Intuitive Surgical trims margin outlook on tariff headwinds, but strong procedure growth and financial resilience bolster its long-term case."
2025-06-12,"Institutional investors in Intuitive Surgical, Inc. (NASDAQ:ISRG) lost 6.4% last week but have reaped the benefits of longer-term growth",Yahoo,Key Insights Institutions substantial holdings in Intuitive Surgical implies that they have significant influence over...
2025-06-18,ISRG vs BSX: Which Medical Device Stock Has More Room to Run?,Yahoo,"Boston Scientific offers steady growth with broader exposure, while Intuitive Surgical leads in robotics but faces margin and tariff headwinds."
2025-06-24,"cultivate(MD) Announces Portfolio Company, Virtual Incision Corporation, Appoints Jim Alecxih as Chief Executive Officer",Yahoo,"cultivate(MD), a leading medical device venture capital company, is pleased to announce that its portfolio company, Virtual Incision Corporation, the developer of the MIRA Surgical System authorized by the FDA through the De Novo regulatory pathway, has appointed Jim Alecxih as Chief Executive Officer. Alecxih, a recognized commercial leader in the medical device industry, brings more than 30 years of experience advancing transformative surgical technologies worldwide, including a distinguished"
2025-06-25,Is ISRGs Procedure Growth Enough to Offset Margin Pressures in 2025?,Yahoo,"Intuitive Surgical raises 2025 procedure outlook after strong Q1 growth, but rising costs and tariff pressure weigh on margins."
2025-06-26,ForSight Robotics raises $125M for cataract surgery platform,Yahoo,"Anticipating rising demand for ophthalmic surgery but a shortage of surgeons, the Israel-based company said it is developing the world’s first robotic surgery platform for cataracts and other eye diseases."
2025-06-30,"Intuitive Surgical, Inc.(NasdaqGS: ISRG) dropped from Russell 1000 Dynamic Index",Finnhub,"Intuitive Surgical, Inc. dropped from Russell 1000 Dynamic Index..."
2025-07-03,Intuitive Surgical (NasdaqGS:ISRG) Expands Da Vinci Surgical System Presence In European Market,Yahoo,"Intuitive Surgical (NasdaqGS:ISRG) recently secured CE Mark approval for its da Vinci 5 Surgical System, enabling advanced robotic-assisted surgical procedures in Europe. This positive development aligns with the companys strategic push to enhance surgical technology. Over the last quarter, Intuitives stock price increased by 9%, a movement that broadly aligns with market trends, where the S&P 500 and Nasdaq Composite experienced upward momentum, with notable gains in the tech sector. The..."
2025-07-08,"ISRG Expands Installed Base, But Is Utilization Keeping Pace?",Yahoo,"Intuitive Surgicals installed base tops 10,000, but flat utilization growth raises questions about ROI and system productivity."
2025-07-14,Hospital Capex Headwind: Temporary Setback or Lasting Risk for ISRG?,Yahoo,"Intuitive Surgicals global da Vinci growth faces resistance as hospital CapEx tightens abroad, testing leasing and utilization strategies."
2025-07-15,FDA Approves Intuitive Surgical (ISRG) Vessel Sealer Curved Surgical Instrument,Yahoo,"Intuitive Surgical Inc. (NASDAQ:ISRG) is one of Goldman Sachs’ top healthcare stock picks. On July 10, the company secured Food & Drug Administration approval for its new Vessel Sealer Curved. The electrosurgical instrument is designed for use with multiport da Vinci systems and represents a significant development in surgical technology. Vessel Sealer Curved is an […]"
2025-07-17,"BTIG Raises Intuitive Surgical (ISRG) Price Target, Maintains Buy Rating",Yahoo,"Intuitive Surgical, Inc. (NASDAQ:ISRG) is one of the Best Non-Mega Cap NASDAQ Stocks to Buy Right Now. BTIG analyst Ryan Zimmerman has raised the firm’s price target on Intuitive Surgical, Inc. (NASDAQ:ISRG) to $566 from $542 while reiterating a Buy rating ahead of the company’s second-quarter earnings report. The adjustment comes as part of a broader outlook […]"
2025-07-21,Intuitive Surgical Q2 Preview: Procedure Volume and Demand in Spotlight,Yahoo,Street sees $1.93 EPS and $2.4 billion in revenue as da Vinci volumes rise but macro and FX headwinds linger.
2025-07-23,Intuitive Announces Second Quarter Earnings,Yahoo,"SUNNYVALE, Calif., July 22, 2025 (GLOBE NEWSWIRE) -- Intuitive (the “Company”) (Nasdaq: ISRG), a global technology leader in minimally invasive care and the pioneer of robotic-assisted surgery, today announced financial results for the quarter ended June 30, 2025. Q2 Highlights Worldwide da Vinci procedures grew approximately 17% compared with the second quarter of 2024.The Company placed 395 da Vinci surgical systems, compared with 341 in the second quarter of 2024. The second quarter 2025 da V"
2025-07-27,"Intuitive Surgical, Inc. (ISRG): “I Really Like” It, Says Jim Cramer",Yahoo,"We recently published 9 Stocks Jim Cramer Discussed As He Commented On Big Tech. Intuitive Surgical, Inc. (NASDAQ:ISRG) is one of the stocks Jim Cramer recently discussed. Intuitive Surgical, Inc. (NASDAQ:ISRG) is a market leader in the hot global medical robotics industry. Its shares have lost 5.5% year-to-date primarily due to weaker margin forecasts, the […]"
2025-07-29,BME: The Resilient Income Investment Of The Healthcare Industry,SeekingAlpha,"BlackRock Health Sciences Trust offers a resilient 8.63% dividend yield, low expense ratio, and conservative, low-risk positioning. See more on BME ETF here."
2025-07-29,5 Must-Read Analyst Questions From Intuitive Surgical’s Q2 Earnings Call,Yahoo,"Intuitive Surgical’s second quarter results were marked by strong procedure growth and robust capital equipment placements, which together helped the company exceed Wall Street’s top- and bottom-line expectations. Management attributed the quarter’s momentum to continued adoption of the da Vinci 5 robotic surgical system, particularly in the United States, as well as solid execution in expanding its installed base across key international markets. CEO Dave Rosa highlighted that “benign general s"
2025-07-31,Franklin DynaTech SMA Q2 2025 Commentary,SeekingAlpha,Franklin Templeton reports strong Q2 gains led by tech and selective stock picks. See how AI and innovation are shaping their outlook. Read the full update.
2025-08-08,"Leerink Partners Raised the Firm’s PT on Intuitive Surgical (ISRG), Kept a Buy Rating",Yahoo,"Intuitive Surgical, Inc. (NASDAQ:ISRG) is one of the Best Stocks to Invest in for High Returns. On July 23, Leerink Partners analyst Mike Kratky raised the firm’s price target on Intuitive Surgical, Inc. (NASDAQ:ISRG) from $587 to $593, while maintaining a Buy rating on the stock. The analyst noted that the company delivered robust results in […]"
2025-08-10,"2 Surefire Stocks to Invest $1,000 in for the Long Haul",Yahoo,Its important to look beyond short-term challenges with these stocks.
2025-08-12,ISRGs Post-Earnings Slide: Margin Worries Overshadow Growth Story,Yahoo,"Intuitive Surgicals Q2 revenues and procedure gains look good, but tariffs, cost inflation, and margin pressure spur a post-earnings selloff."
2025-08-13,ISRGs Ion Platform Procedure Grows 52%: Can This Trend Continue?,Yahoo,"Intuitive Surgicals Ion platform saw Q2 procedures jump 52% to 35,000, expanding globally as utilization rises despite softer system placements."
2025-08-17,"If Youre in Your 30s, Consider Buying These 2 Healthcare Stocks",Yahoo,Both companies have helped pioneer important medical breakthroughs.
2025-08-17,"Bernstein Raises PT on Intuitive Surgical, Inc. (ISRG) to $685; Maintains ‘Outperform’ Rating",Yahoo,"With a year-to-date decline in share price, along with strong hedge fund interest, Intuitive Surgical, Inc. (NASDAQ:ISRG) secures a place on our list of the 11 Best Rebound Stocks to Buy According to Hedge Funds. Following the company’s da Vinci 5 surgical system’s entry into the broad U.S. launch phase, Bernstein raised its price target […]"
2025-08-20,BTS and clients recognized with 59 Brandon Hall Group Excellence Awards in 2025,Yahoo,"SAN FRANCISCO, August 20, 2025--BTS has earned 59 Brandon Hall Group Excellence Awards in 2025 alongside its clients."
2025-08-21,Hartford Healthcare Fund Q2 2025 Commentary,SeekingAlpha,The Hartford Healthcare Fund (I Share) outperformed the S&P Composite 1500 Health Care Index during the quarter. Read more here.
2025-08-25,2 Growth Stocks With Sky-High Potential to Hold for Decades,Yahoo,These are two dominant companies with long runways and powerful flywheels.
2025-08-25,What Intuitive Surgical (ISRG)s Expected Earnings Growth and System Placements Mean for Shareholders,Yahoo,"Intuitive Surgical recently saw heightened investor attention ahead of its latest earnings report, with analysts expecting growth in earnings per share and revenue versus the previous year. While system placements showed strong average growth over the last two years and EPS has increased at a robust pace, a yearly decrease in return on invested capital has become a point of focus for some observers. Now, well explore how analyst optimism about continued revenue and earnings expansion,..."
2025-08-30,What Does Wall Street Think About Intuitive Surgical (ISRG) Stock?,Yahoo,"Intuitive Surgical, Inc. (NASDAQ:ISRG) is one of the Stocks That Will Make You Rich In 5 Years. Wall Street is bullish on the stock, and the analysts’ 12-month average price target of $597 reflects a 26.42% upside from the current level. Analysts have given a bullish sentiment on Intuitive Surgical, Inc. (NASDAQ:ISRG) after the company […]"
2025-09-04,S&P 500 Robotics Titan Intuitive Surgical Dives As CFO Warns Of Dynamic Tariffs Environment,Yahoo,Intuitive Surgical stock dropped Wednesday after the robotic surgery titans CFO suggested the impact of tariffs could be steeper in 2026.
2025-09-04,Ashes to Alpha: Why Intuitive Surgical’s (ISRG) Fallout is a Legit Upside Opportunity,Yahoo,"With concerns that the Trump administration’s tariffs could impact Intuitive Surgical’s business, ISRG stock tumbled on Wednesday, presenting a contrarian prospect."
2025-09-05,Medtronic trial of Hugo robot in hernia repair hits primary endpoints,Yahoo,"The company reported a 100% surgical success rate, beating the pre-specified 85% performance goal to meet the trial’s primary effectiveness endpoint."
2025-09-07,2 Beaten-Down Stocks to Buy on the Dip,Yahoo,The market may be overlooking these companies long-term potential.
2025-09-11,Wall Street Bulls Look Optimistic About Intuitive Surgical (ISRG): Should You Buy?,Yahoo,"Based on the average brokerage recommendation (ABR), Intuitive Surgical (ISRG) should be added to ones portfolio. Wall Street analysts overly optimistic recommendations cast doubt on the effectiveness of this highly sought-after metric. So, is the stock worth buying?"
2025-09-17,2 Growth Stocks to Buy and Hold Forever,Yahoo,Look beyond the recent headwinds these two have faced.
2025-09-17,3 Top Stocks to Buy and Hold Forever,Yahoo,Three dominant operators with sticky customers and steady cash flows look built to outlast market cycles.
2025-09-23,ISRG SP Platforms Expansion in Korea and Europe Gains Traction,Yahoo,"Intuitive Surgicals SP platform gains momentum with 112% growth in Korea and steady European uptake, highlighting global adoption despite regional headwinds."
2025-09-29,ISRG vs. ZBH: Which Robotic Surgery Stock Offers Better Upside Now?,Yahoo,"ISRG and ZBH both push robotics forward, but valuation and Zacks Rank tilt near-term upside toward Zimmer Biomet. Which one offers a better bet?"
2025-09-29,What You Need To Know Ahead of Intuitive Surgicals Earnings Release,Yahoo,"Intuitive Surgical is scheduled to report its third-quarter results next month, and analysts expect a single-digit earnings rise."
2025-09-30,Should You Buy Intuitive Surgical Stock Before Oct. 21?,Yahoo,The companys upcoming earnings report could show just how big of a problem tariffs really are for the business.
2025-10-01,ISRG Expands SP Indications: A Game Changer in Colorectal Surgery?,Yahoo,"Intuitive Surgicals SP platform secures new colorectal clearances, with 88% growth in procedures and rising global adoption momentum."
2025-10-01,3 Reasons to Buy Intuitive Surgical Stock Near Its 52-Week Low,Yahoo,This is by no means an exhaustive list.
2025-10-02,Brokers Suggest Investing in Intuitive Surgical (ISRG): Read This Before Placing a Bet,Yahoo,"Based on the average brokerage recommendation (ABR), Intuitive Surgical (ISRG) should be added to ones portfolio. Wall Street analysts overly optimistic recommendations cast doubt on the effectiveness of this highly sought-after metric. So, is the stock worth buying?"
2025-10-02,"SS Innovations International, Inc. (SSII)’s SSi Mantra System Sees 130% Installation Growth, Pioneers Cardiac Telesurgery",Yahoo,"We recently compiled a list of the 12 Healthcare Stocks with Insider Buying in 2025. SS Innovations International, Inc. is one of them. SS Innovations International, Inc. (NASDAQ:SSII) is advancing affordable surgical robotics with its flagship SSi Mantra system, offering a cost-efficient alternative to established platforms like Intuitive Surgical’s da Vinci. Approved in seven countries, […]"
2025-10-02,"Intuitive Surgical, Inc. (ISRG) Unveils AI-Powered da Vinci 5 Upgrades",Yahoo,"We recently compiled a list of the 12 Best Healthcare Stocks to Buy and Hold for 5 Years. Intuitive Surgical, Inc. is one of them. Intuitive Surgical, Inc. (NASDAQ:ISRG) has pioneered robotic-assisted minimally invasive surgery (MIS), with its da Vinci systems now used in millions of procedures and training tens of thousands of surgeons globally. […]"
2025-10-06,Should You Buy Shares of Intuitive Surgical In October?,Yahoo,The company dominates the high-growth market of surgical robots.
2025-10-07,Intuitive Surgical (ISRG) Valuation in Focus After Notable Insider Buying and Anticipated Earnings Growth,Yahoo,"Intuitive Surgical (ISRG) has caught investor attention as its upcoming earnings report approaches, with forecasts for higher revenue and profits. A recent stock purchase by Senator Markwayne Mullin has added further interest. See our latest analysis for Intuitive Surgical. Intuitive Surgical shares have lost some ground in recent months, reflecting shifting sentiment amid analyst caution and tariff-related concerns. Still, the company’s three-year total shareholder return of 141% shows its..."
2025-10-08,ISRG Bets on SP Platform to Capture Rising ASC Procedure Volume,Yahoo,"Intuitive Surgicals SP platform is gaining traction as a cost-efficient, high-throughput option for ASCs, complementing da Vinci 5 in hospitals."
2025-10-09,Intuitive Surgical Inc. (ISRG): Firm Releases Updates For da Vinci 5,Yahoo,"Intuitive Surgical Inc. (NASDAQ:ISRG) is one of the companies that are pertinent to the discussion about The Future of Artificial Intelligence: 10 Predictions for 10 Industries. In June this year, Larry Ellison, the billionaire co-founder of Oracle Corporation, said during the second quarter earnings call that Oracle Health was building AI agents into its EHR […]"
2025-10-09,3 Magnificent Stocks to Buy That Are Near 52-Week Lows,Yahoo,"If you are looking for stocks that are unloved, this trio will fit the bill, with each offering a different long-term investment opportunity."
2025-10-11,2 Monster Stocks to Hold for the Next 10 Years,Yahoo,They could be excellent companies to stick with well beyond the next decade.
